gemeente;regeling;id;bedrag;aanvragen_tm;eigenaar_bewoner;woz_max;woz_regel;woz_peildatum;isolatiestaat;bouwjaar_min;bouwjaar_max;woonoppervlak_max;inkomen;inkomensgrens;vve_appartement;bron;betrouwbaarheid;gecontroleerd;link
's-Gravenhage;Subsidieregeling aanvullende ondersteuning woningisolatie Den Haag 2024;s-gravenhage-cvdr730646;50% van de werkelijke kosten met een maximum van € 500,00 per woning;2026-12-31;ja;;;;;;;;;;voorwaarde;cvdr;hoog;nee;https://lokaleregelgeving.overheid.nl/CVDR730646/1
's-Gravenhage;Subsidieregeling doe-het-zelf vouchers woningisolatie Den Haag 2025;s-gravenhage-cvdr741605;max. € 750;2028-12-31;ja;;;;label D/E/F/G + bouwjaar t/m 1991 | bouwjaar t/m 1991 + min. 2 slechte bouwdelen;;1991;;;;ja;cvdr;hoog;nee;https://lokaleregelgeving.overheid.nl/CVDR741605/1
's-Gravenhage;Subsidieregeling lokale aanpak isolatie gemengde Vereniging van Eigenaars Den Haag 2024;s-gravenhage-cvdr723198;maximaal 70% van de kosten met een maximum van € 2.300,00 of € 5.800,00 (met Ooievaarspas) per appartement;2027-12-31;nee;;<;het moment van indienen van de aanvraag;label D/E/F/G | min. 2 slechte bouwdelen;;;;bonus;geldige Ooievaarspas;voorwaarde;cvdr;hoog;nee;https://lokaleregelgeving.overheid.nl/CVDR723198/2
's-Gravenhage;Subsidieregeling woningisolatie overige wijken Den Haag 2026;s-gravenhage-cvdr758903;"Maximaal € 1.000,- (zonder energiearmoede) of € 4.500,- (met energiearmoede); maximaal 90% van de werkelijk gemaakte kosten na aftrek van landelijke subsidies.";2026-12-31;ja;;<;2024-01-01;label D/E/F/G + bouwjaar t/m 1991 | bouwjaar t/m 1991 + min. 2 slechte bouwdelen;;1991;;bonus;Getoetst aan de hand van een geldige Ooievaarspas en/of ontvangen energietoeslag.;ja;cvdr;hoog;nee;https://lokaleregelgeving.overheid.nl/CVDR758903/1
's-Gravenhage;Subsidieregeling woningisolatie stadsrenovatiewijken Den Haag 2026;s-gravenhage-cvdr758905;"Maximaal € 2.300,- of € 5.800,- (bij energiearmoede); maximaal 90% van de werkelijk gemaakte kosten na aftrek van landelijke subsidies";2027-12-31;ja;;<;2024-01-01;label D/E/F/G + bouwjaar t/m 1991 | bouwjaar t/m 1991 + min. 2 slechte bouwdelen;;1991;;bonus;;ja;cvdr;hoog;nee;https://lokaleregelgeving.overheid.nl/CVDR758905/1
Aa en Hunze;Isolatiesubsidie Nij Begun (maatregel 29);aa-en-hunze-web-isolatiesubsidie-nij-begun-maatregel-29;;;;;;;;;;;;;;web;laag;nee;https://www.aaenhunze.nl/isolatiesubsidie-nij-begun-maatregel-29
Aa en Hunze;Subsidieregeling verduurzaming Volkshuisvesting Drenthe (Wijk van de Toekomst);aa-en-hunze-web-subsidieregeling-verduurzaming-volkshuisvesting-dr;;;;;;;;;;;;;;web;laag;nee;https://www.aaenhunze.nl/subsidies-duurzaamheid
Aalsmeer;Kortingsregeling lokale isolatie aanpak Aalsmeer;aalsmeer-cvdr765390;€ 1.000;2028-12-31;ja;573000;<;2022-01-01;label D/E/F/G | min. 2 slechte bouwdelen;;;;bonus;Onder 125% van het sociaal minimum of energietoeslag ontvangen in 2022 en/of 2023;ja;cvdr;hoog;nee;https://lokaleregelgeving.overheid.nl/CVDR765390/1
Aalten;Subsidieregeling Isolatie Subsidie Achterhoek - Aalten 2025;aalten-cvdr743621;maximaal € 2.000;2028-09-30;ja;477000;<=;2024-01-01;label D/E/F/G | min. 2 slechte bouwdelen;;;;;;;cvdr;middel;nee;https://lokaleregelgeving.overheid.nl/CVDR743621/1
Aalten;Subsidieregeling Isolatiesubsidie laag inkomen Achterhoek - Aalten;aalten-cvdr757794;maximaal € 5.000,- inclusief btw per woning;2026-12-31;ja;;;;;;1999;;vereist;gezamenlijk inkomen van niet meer dan € 46.500,-;;cvdr;hoog;nee;https://lokaleregelgeving.overheid.nl/CVDR757794/1
Achtkarspelen;Subsidieregeling Lokale Aanpak Isolatie gemeente Achtkarspelen;achtkarspelen-cvdr738016;ten hoogste 100% van de subsidiabele kosten, tot een maximum van € 2.110 per aanvraag;2027-08-31;ja;270000;<=;2022-01-01;label D/E/F/G | min. 2 slechte bouwdelen;;;;;;ja;cvdr;hoog;nee;https://lokaleregelgeving.overheid.nl/CVDR738016/1
Alblasserdam;Subsidieregeling isolatie koopwoningen in de gemeente Alblasserdam 2026;alblasserdam-cvdr757973;"Doelgroep 1: maximaal € 6.000,- inclusief BTW; Doelgroep 2: maximaal € 1.500,- inclusief BTW";2026-10-31;ja;477000;<=;2022-01-01;label D/E/F/G | label C + bouwjaar t/m 1995 + min. 2 slechte bouwdelen | label geen + min. 2 slechte bouwdelen;;;;bonus;Ontvingen in 2022 en/of 2023 de energietoeslag (geeft recht op doelgroep 1 subsidie van max. € 6.000,-);nee;cvdr;hoog;nee;https://lokaleregelgeving.overheid.nl/CVDR757973/3
Albrandswaard;Subsidieregeling lokale aanpak isolatie Albrandswaard 2025;albrandswaard-cvdr765497;"Maximaal € 2.000 bij één maatregel, maximaal € 2.500 bij twee maatregelen (inclusief € 500 bonus); DHZ maximaal € 1.750; Doelgroep II (energietoeslag) maximaal € 5.000";2027-12-31;ja;470000;<=;2024-01-01;label D/E/F/G | min. 2 slechte bouwdelen;;1991;;bonus;Energietoeslag ontvangen van de gemeente Albrandswaard (in 2022 of 2023);nee;cvdr;hoog;nee;https://lokaleregelgeving.overheid.nl/CVDR765497/1
Alkmaar;Nadere regels Subsidie Verduurzamen;alkmaar-cvdr758662;100% van de subsidiabele kosten tot een maximum van € 1.350,- per woning (maximaal € 2.000,- voor monument of beeldbepalend pand inclusief energieadvies);2026-12-31;ja;;;;;;;;;;ja;cvdr;hoog;nee;https://lokaleregelgeving.overheid.nl/CVDR758662/2
Alkmaar;Nadere regels subsidie Lokale Aanpak Isolatie Alkmaar;alkmaar-cvdr740642;maximaal 100% van de kosten, maximaal € 1.350,- per woning (of € 1.600,- bij biobased isolatiemateriaal);2028-12-31;ja;477000;<;;label D/E/F/G | min. 2 slechte bouwdelen;;;;;;ja;cvdr;hoog;nee;https://lokaleregelgeving.overheid.nl/CVDR740642/2
Alkmaar;Subsidieregeling Isolatie lage inkomens Alkmaar 2023;alkmaar-cvdr726880;maximaal 100% van de werkelijk gemaakte kosten met een maximum van € 4.000;2027-06-30;ja;477000;<=;2022;label D/E/F/G | min. 2 slechte bouwdelen;;;;vereist;maximaal 120% van de bijstandsnorm zoals die in het individuele geval geldt;;cvdr;hoog;nee;https://lokaleregelgeving.overheid.nl/CVDR726880/3
Almelo;Subsidie woningisolatie Almelo 2025;almelo-cvdr745140;100% tot maximaal € 1.750 per bestaande woning;2027-12-31;ja;353000;<;2024;label D/E/F/G | min. 2 slechte bouwdelen;;;;;;ja;cvdr;hoog;nee;https://lokaleregelgeving.overheid.nl/CVDR745140/1
Almere;Subsidieregeling Almere Isoleren 2025-2027;almere-cvdr743771;tot € 12.000 afhankelijk van het inkomen (maximaal € 300 voor voorbereidingskosten);2027-12-31;ja;477000;<=;2024-01-01;label D/E/F/G | min. 2 slechte bouwdelen;;;;bonus;"Tot en met € 25.000 max € 12.000; € 25.001 t/m € 35.000 max € 7.500; € 35.001 t/m € 60.000 max € 3.000; vanaf € 60.001 max € 1.500";nee;cvdr;hoog;nee;https://lokaleregelgeving.overheid.nl/CVDR743771/1
Alphen aan den Rijn;Isolatiesubsidie Alphen aan den Rijn 2026;alphen-aan-den-rijn-cvdr754513;maximaal € 1.460 per woning (of maximaal € 4.000 per woning bij laag inkomen of energietoeslag);2028-12-31;ja;477000;<;2024-01-01;label D/E/F/G | min. 2 slechte bouwdelen;;1991;;bonus;tot 130% van het sociaal minimum of energietoeslag ontvangen in 2022 of 2023;voorwaarde;cvdr;hoog;nee;https://lokaleregelgeving.overheid.nl/CVDR754513/1
Alphen-Chaam;Subsidieregeling Lokale Aanpak Isolatie 2026-2028, gemeente Alphen-Chaam;alphen-chaam-cvdr762419;"maximaal 100% van de kosten tot maximaal € 1.500 per woning; verhoogd met maximaal € 1.500 voor minima; verhoogd met € 500 bij biobased";2028-06-30;ja;477000;<;2022-01-01;bouwjaar t/m 1992 + min. 2 slechte bouwdelen;;1992;;bonus;maximaal 140% van de toepasselijke bijstandsnorm;voorwaarde;cvdr;hoog;nee;https://lokaleregelgeving.overheid.nl/CVDR762419/1
Altena;Subsidieregeling Lokale Aanpak Isolatie Altena 2025;altena-cvdr755011;100% van de kosten, maximaal € 2.500 inclusief btw per woning (maximaal € 5.000 voor doelgroep extra ondersteuning);2028-06-30;ja;477000;<=;2024-01-01;label D/E/F/G | min. 2 slechte bouwdelen;;;;bonus;maximaal 130% ten opzichte van de bijstandsnorm;ja;cvdr;hoog;nee;https://lokaleregelgeving.overheid.nl/CVDR755011/1
Ameland;Subsidieregeling Lokale Aanpak Isolatie gemeente Ameland 2024;ameland-cvdr721293;maximaal 100% van de subsidiabele kosten, tot een maximum van € 2.100 per aanvraag;2027-08-31;ja;351000;<=;2022-01-01;label D/E/F/G | min. 2 slechte bouwdelen;;;;;;ja;cvdr;hoog;nee;https://lokaleregelgeving.overheid.nl/CVDR721293/2
Ameland;Subsidieregeling energieondersteuning Ameland 2025;ameland-cvdr748356;ten hoogste 100% van de subsidiabele kosten tot een maximum van € 20.000;2027-08-31;ja;300000;<=;2022-01-01;label D/E/F/G;;;;vereist;kwam in aanmerking voor de beleidsregel “Eenmalige energietoeslag 2023” van de gemeente Ameland of heeft deze ontvangen;ja;cvdr;hoog;nee;https://lokaleregelgeving.overheid.nl/CVDR748356/2
Amersfoort;Subsidieregeling woningisolatie voor woningeigenaren;amersfoort-cvdr701972;100%;2029-01-01;ja;504000;<=;2022-01-01;label D/E/F/G | min. 2 slechte bouwdelen;;1994;;bonus;maximaal 150% van de toepasselijke bijstandsnorm, zonder toepassing van de kostendelersnorm;nee;cvdr;hoog;nee;https://lokaleregelgeving.overheid.nl/CVDR701972/8
Amstelveen;Subsidieregeling woningisolatie lage WOZ en slecht energielabel 2024–2028;amstelveen-cvdr744335;maximaal € 1.600,-- per woning;2028-12-31;ja;684000;<;2022-01-01;label D/E/F/G | min. 2 slechte bouwdelen;;;;;;ja;cvdr;hoog;nee;https://lokaleregelgeving.overheid.nl/CVDR744335/1
Amsterdam;Extra Isolatie Subsidie Amsterdam;amsterdam-web-extra-isolatiesubsidie-amsterdam;Maximaal € 2.500 per woning;2027-07-01;;666000;<=;2024;;;;;;;ja;web;laag;nee;https://duurzaamwonen.amsterdam/subsidies-en-leningen
Apeldoorn;Subsidieregeling lokale aanpak isolatie koopwoningen Apeldoorn;apeldoorn-lai-koopwoningen;maximaal € 6.000,-- per woning (laag inkomen), € 1.000,-- (regulier/buiten bebouwde kom), € 1.500,-- (collectief), € 1.000,-- (doe-het-zelf);2028-12-31;ja;625000;<=;2022-01-01;label D/E/F/G | label geen + bouwjaar t/m 1995 + min. 2 slechte bouwdelen | label B/C + bouwjaar t/m 1995 + min. 2 slechte bouwdelen;;;;bonus;150% van het sociaal minimum;ja;cvdr;hoog;nee;https://lokaleregelgeving.overheid.nl/CVDR724051/6
Arnhem;Maatregelenlijst Toekomstbestendig Wonen Lening gemeente Arnhem;arnhem-cvdr755037;;;;;;;;;;;;;ja;cvdr;middel;nee;https://lokaleregelgeving.overheid.nl/CVDR755037/1
Arnhem;Regeling duurzaamheidsleningen Arnhem 2018;arnhem-cvdr609449;minimaal € 2.500 en maximaal € 25.000 (incl. BTW);;ja;;;;;;;;;;;cvdr;middel;nee;https://lokaleregelgeving.overheid.nl/CVDR609449/3
Arnhem;Subsidieregeling Eigen Woning Aanpak Arnhem-Oost 2.0;arnhem-cvdr714847;maximaal 65% van de totale verduurzamingsinvestering, eigen bijdrage minimaal 10%;2027-08-01;ja;;<=;moment waarop aanvrager laat weten een woonplan te willen laten opstellen;label D/E/F/G | min. 2 slechte bouwdelen;;1982;;bonus;GelrePas (geen exact inkomensbedrag genoemd);ja;cvdr;hoog;nee;https://lokaleregelgeving.overheid.nl/CVDR714847/5
Arnhem;Subsidieregeling Isolatie Subsidie Arnhem (ISA);arnhem-cvdr738986;Maximaal € 3.200,- (waarvan € 1.700,- isolatietegoed en tot € 1.500,- bonustegoed);2026-12-31;ja;355000;<=;2022;label D/E/F/G | min. 2 slechte bouwdelen;;1992;100;;Verruimde voorwaarden gelden bij energietoeslag, schuldhulpverlening, GelrePas of coachingstraject Energiebank.;nee;cvdr;hoog;nee;https://lokaleregelgeving.overheid.nl/CVDR738986/1
Arnhem;Subsidieregeling Isolatie Subsidie Arnhem 2026 (ISA);arnhem-isa-2026;maximaal € 2.300,-;2031-01-01;ja;355000;<=;2022-01-01;label D/E/F/G | min. 2 slechte bouwdelen;;1992;140;;;nee;cvdr;hoog;nee;https://lokaleregelgeving.overheid.nl/CVDR759969/1
Assen;Gemeentelijke Subsidieregeling energiebesparende isolatiemaatregelen;assen-cvdr716048;100% van de subsidiabele kosten tot een maximum van € 2.500,- per woning;2026-12-31;ja;;;;;;;;vereist;lager dan € 40.000,-;nee;cvdr;hoog;nee;https://lokaleregelgeving.overheid.nl/CVDR716048/2
Assen;Subsidieregeling Lokale Aanpak Isolatie gemeente Assen;assen-cvdr731402;€ 1.981;2028-12-31;ja;340000;<=;2024-01-01;label D/E/F/G | min. 2 slechte bouwdelen;;;;;;ja;cvdr;hoog;nee;https://lokaleregelgeving.overheid.nl/CVDR731402/3
Asten;Nadere regels subsidie Lokale Aanpak Isolatie gemeente Asten 2024;asten-cvdr725227;ten hoogste 100% van de uitvoeringskosten (...) of bij een doe-het-zelfmaatregel de kosten van het isolatiemateriaal, met een maximum van tot € 1.800,00 per woning;2027-01-01;ja;477000;<;2022-01-01;label D/E/F/G | min. 2 slechte bouwdelen;;1991;;;;nee;cvdr;hoog;nee;https://lokaleregelgeving.overheid.nl/CVDR725227/2
Baarle-Nassau;Subsidieregeling Lokale Aanpak Isolatie 2026-2028, gemeente Baarle-Nassau;baarle-nassau-cvdr762421;"basis_subsidie: maximaal 100% van de kosten, met een maximum van € 1.500 per woning; minima_toeslag: verhoogd met maximaal € 1.500; biobased_bonus: verhoogd met maximaal € 500 als biobased isolatiemateriaal wordt toegepast; maximaal_totaal: 3500";2028-06-30;ja;477000;<;2022-01-01;bouwjaar t/m 1992 + min. 2 slechte bouwdelen;;1992;;bonus;maximaal 140% van de toepasselijke bijstandsnorm;voorwaarde;cvdr;hoog;nee;https://lokaleregelgeving.overheid.nl/CVDR762421/1
Baarn;Subsidieregeling isolatie koopwoningen gemeente Baarn 2025;baarn-cvdr744028;maximaal € 4.000 (doelgroep 1) of maximaal € 1.500 (doelgroep 2), max. 100% van de kosten;2028-06-30;ja;603000;<=;2022-01-01;label D/E/F/G | min. 2 slechte bouwdelen;;1994;;bonus;maximaal 150% van de toepasselijke bijstandsnorm of energietoeslag 2022/2023 (geldt voor doelgroep 1);nee;cvdr;hoog;nee;https://lokaleregelgeving.overheid.nl/CVDR744028/1
Barendrecht;Vouchersubsidieregeling isolatiemaatregelen doe-het-zelvers koopwoningen gemeente Barendrecht 2023-2027;barendrecht-cvdr736531;maximaal € 1.350,-;2027-06-30;ja;409000;<=;2022;label D/E/F/G;;;;;;;cvdr;hoog;nee;https://lokaleregelgeving.overheid.nl/CVDR736531/2
Barneveld;Subsidieregeling lokale aanpak isolatie gemeente Barneveld;barneveld-cvdr760463;€ 1.500;2028-12-31;ja;527000;<=;2024;label D/E/F/G | min. 2 slechte bouwdelen;;;;;;ja;cvdr;hoog;nee;https://lokaleregelgeving.overheid.nl/CVDR760463/1
Beek;Subsidieverordening Aanpak Energiearmoede gemeente Beek 2024;beek-cvdr739996;100% van het factuurbedrag tot maximaal € 4.000 per woning;2027-12-31;ja;;;;;;;;vereist;tot 130% van het sociaal minimum;ja;cvdr;hoog;nee;https://lokaleregelgeving.overheid.nl/CVDR739996/1
Beek;Subsidieverordening Lokale Aanpak Isolatie gemeente Beek 2024;beek-cvdr755791;100% van het factuurbedrag tot maximaal € 1.500;2028-12-31;ja;477000;<;;label D/E/F/G | label geen + min. 2 slechte bouwdelen;;;;;;ja;cvdr;hoog;nee;https://lokaleregelgeving.overheid.nl/CVDR755791/1
Beekdaelen;Subsidieregeling Lokale Aanpak Isolatie Doe-het-zelf Gemeente Beekdaelen 2025-2028;beekdaelen-cvdr754374;100% van het totale aankoopbedrag aan (isolatie)materialen met een maximum van €1.300,- inclusief BTW per woning;2028-10-31;ja;;<;2022-01-01;label D/E/F/G | min. 2 slechte bouwdelen;;1991;;;;nee;cvdr;hoog;nee;https://lokaleregelgeving.overheid.nl/CVDR754374/1
Beekdaelen;Subsidieregeling Lokale Aanpak Isolatie gemeente Beekdaelen;beekdaelen-cvdr755034;"Doelgroep A: 70% tot max. € 1.300,- voor 1 maatregel, max. € 1.000,- voor een 2e maatregel (totaal max. € 2.300,-); Doelgroep B: 100% tot max. € 5.000,- voor 1 maatregel, max. € 10.000,- voor 2 maatregelen";2027-08-31;ja;;<;2022-01-01;label D/E/F/G | min. 2 slechte bouwdelen;;1991;;bonus;ontvanger energietoeslag 2023 van gemeente Beekdaelen;nee;cvdr;hoog;nee;https://lokaleregelgeving.overheid.nl/CVDR755034/1
Beesel;Subsidieregeling Doe-Het-Zelfmaatregelen voor particuliere woningeigenaren in gemeente Beesel;beesel-cvdr745079;"max_per_woning: € 2.250,- inclusief BTW; per_eenheid: € 30,- per m2 met gebruik niet-biobased isolatiemateriaal en € 45,- bij gebruik biobased isolatiemateriaal";;ja;429300;<;2022-01-01;label D/E/F/G | min. 2 slechte bouwdelen;;;;;;nee;cvdr;middel;nee;https://lokaleregelgeving.overheid.nl/CVDR745079/1
Beesel;Subsidieregeling Lokale Aanpak Isolatie gemeente Beesel;beesel-cvdr746367;100% van de subsidiabele kosten, tot maximaal € 1.750,- inclusief btw per woning;2028-07-01;ja;429300;<=;2022-01-01;label D/E/F/G | min. 2 slechte bouwdelen;;;;;;nee;cvdr;hoog;nee;https://lokaleregelgeving.overheid.nl/CVDR746367/1
Beesel;Subsidieregeling energiebesparende maatregelen voor particuliere woningeigenaren behorende tot de doelgroep energiearmoede in gemeente Beesel;beesel-cvdr728787;maximaal € 6.000,- inclusief BTW per woning;;ja;;<;2023-01-01;label D/E/F/G | min. 2 slechte bouwdelen;;;;vereist;niet hoger dan 130% van de toepasselijke bijstandsnorm (of recht op Energietoeslag in 2022, 2023 of 2024);nee;cvdr;middel;nee;https://lokaleregelgeving.overheid.nl/CVDR728787/1
Berg en Dal;Subsidieverordening Isoleren, Doe-het-zelf gemeente Berg en Dal 2025;berg-en-dal-cvdr741281;30% van het totale aankoopbedrag met een maximum van € 2.000,- inclusief BTW per woning;2027-12-31;ja;;;;;;;;;;ja;cvdr;hoog;nee;https://lokaleregelgeving.overheid.nl/CVDR741281/1
Berg en Dal;Subsidieverordening woningisolatie 2013 gemeente Groesbeek;berg-en-dal-cvdr277622;een derde van de subsidiabele kosten tot maximaal € 500, - per woning (of maximaal € 750,- bij burenbonus);;ja;;;;;;;;;;;cvdr;middel;nee;https://lokaleregelgeving.overheid.nl/CVDR277622/2
Bergeijk;Subsidieverordening duurzame energiemaatregelen 2026-2027;bergeijk-web-subsidie-duurzame-energiemaatregelen-2026-2027;;;ja;;;;;;;;;;;web;laag;nee;https://www.bergeijk.nl/subsidie-duurzame-energiemaatregelen-2026-2027
Bergen (L);Subsidieregeling Doe-het-zelf Impuls VerduurSAMEN2030 versie 2024;bergen-l-cvdr724020;Maximaal € 5.000,- per woning/project (berekend per m²). Bonus biobased materiaal: dakisolatie € 5/m², zolder-/vlieringvloerisolatie € 1,50/m², spouwmuurisolatie € 1,50/m², gevelisolatie € 6/m², vloerisolatie € 2/m², bodemisolatie € 1/m²;2029-12-31;ja;;;;;;;;;;ja;cvdr;hoog;nee;https://lokaleregelgeving.overheid.nl/CVDR724020/2
Bergen (L);Subsidieregeling woningisolatie VerduurSAMEN2030, versie 2024;bergen-l-cvdr724014;"€ 200,- per isolatiemaatregel voor labels A, B, C; € 300,- per isolatiemaatregel voor label D; € 500,- per isolatiemaatregel voor labels E, F, G; bonus van max. € 250,- per maatregel voor biobased isolatiemateriaal; max. € 500,- voor natuurvrij maken";2029-12-31;ja;;;;;;;;;;ja;cvdr;middel;nee;https://lokaleregelgeving.overheid.nl/CVDR724014/2
Bergen (NH);Subsidieregeling woningisolatie bestaande woningen BERGEN 2025-2030;bergen-nh-cvdr749145;Maximaal € 2.000,- (NIP) of maximaal € 5.000,- (SPUK EA), te combineren tot € 7.000,-, eventueel vermeerderd met extra subsidie voor biobased materialen;2030-12-31;ja;677000;<=;2022-01-01, 2023-01-01 of 2024-01-01;label D/E/F/G | label A/B/C/geen + min. 2 slechte bouwdelen;;;;bonus;niet hoger is dan 150% van het sociaal minimum (de toepasselijke bijstandsnorm);nee;cvdr;hoog;nee;https://lokaleregelgeving.overheid.nl/CVDR749145/1
Berkelland;Subsidieregeling Isolatie Subsidie Achterhoek - Berkelland 2025;berkelland-cvdr743573;maximaal € 2.000;2027-09-30;ja;477000;<=;2024-01-01;label D/E/F/G | min. 2 slechte bouwdelen;;;;;;;cvdr;hoog;nee;https://lokaleregelgeving.overheid.nl/CVDR743573/1
Berkelland;Subsidieregeling Isolatiesubsidie laag inkomen Achterhoek;berkelland-cvdr757981;maximaal € 10.000,- inclusief btw per woning;2027-09-30;ja;;;;;;1999;;vereist;niet hoger dan het meest recent vastgestelde modaal inkomen van het CPB;;cvdr;hoog;nee;https://lokaleregelgeving.overheid.nl/CVDR757981/2
Bernheze;Subsidieverordening Lokale Aanpak Isolatie Bernheze;bernheze-cvdr761381;€ 1.400;2029-12-31;ja;523000;<=;2022-01-01;label D/E/F/G | min. 2 slechte bouwdelen;;;;;;nee;cvdr;hoog;nee;https://lokaleregelgeving.overheid.nl/CVDR761381/1
Best;Isolatiesubsidie voor woningeigenaren;best-web-isolatiesubsidie-voor-woningeigenaren;maximaal €3.000 voor erkend bedrijf, €1.500 voor doe-het-zelf;2027-12-31;ja;484000;<=;2022-01-01;label D/E/F/G | min. 2 slechte bouwdelen;;;;bonus;;nee;web;middel;nee;https://www.gemeentebest.nl/subsidies
Best;Nadere Subsidieregeling Isolatie en Zonnepanelen gemeente Best;best-cvdr764252;;2030-12-31;ja;484000;<=;2022-01-01;label D/E/F/G | min. 2 slechte bouwdelen;;;;bonus;;nee;cvdr;middel;nee;https://lokaleregelgeving.overheid.nl/CVDR764252/1
Best;Subsidieregeling Isolatie en Zonnepanelen gemeente Best;best-web-subsidieregeling-isolatie-en-zonnepanelen-gemeente;;;;;;;;;;;;;;web;laag;nee;https://www.gemeentebest.nl/nieuws/subsidie-voor-isolatie-van-uw-woning
Beuningen;Subsidieregeling doe-het-zelf isolatie 2024;beuningen-cvdr727035;max. € 1.500, 100%;2026-12-31;ja;375000;<=;2022;label D/E/F/G | min. 2 slechte bouwdelen;;;;;;nee;cvdr;hoog;nee;https://lokaleregelgeving.overheid.nl/CVDR727035/1
Beuningen;Subsidieregeling woningisolatie smalle beurs 2024;beuningen-cvdr725336;100% van de werkelijke kosten tot maximaal € 4.000,- per adres;;ja;375000;<=;2022;label D/E/F/G | min. 2 slechte bouwdelen;;;;vereist;Maximaal 160% van het sociaal minimum zoals bedoeld in de Toeslagenwet (afgerond naar boven op veelvoud € 1.000), ontvangst energietoeslag 2022/2023, of schuldhulpverlening/sanering;nee;cvdr;middel;nee;https://lokaleregelgeving.overheid.nl/CVDR725336/1
Beverwijk;Subsidieregels Isolatiemaatregelen Particulieren;beverwijk-cvdr722141;100% van de werkelijke kosten tot maximaal €1700,- per woning;2030-12-31;ja;;<=;;label D/E/F/G | label geen/A/B/C + min. 2 slechte bouwdelen;;1991;;;;nee;cvdr;hoog;nee;https://lokaleregelgeving.overheid.nl/CVDR722141/5
Bladel;Subsidie Duurzame Energie;bladel-web-subsidie-duurzame-energie;"20% van de kosten, maximaal € 750 per maatregel (minimale investering € 1.000; maximaal € 2.500 per woning per kalenderjaar)";;ja;;;;;;;;;;;web;laag;nee;https://www.bladel.nl/subsidie-duurzame-energie
Blaricum;Subsidieregeling woningisolatie Blaricum 2026;blaricum-cvdr756554;€ 1.000 per maatregel, met een maximum van € 2.000 (of € 2.500 voor monumenten en beeldbepalende panden), max. 100% van de eigen investering;2026-12-31;;;;2022;label D/E/F/geen;;1995;;;;;cvdr;hoog;nee;https://lokaleregelgeving.overheid.nl/CVDR756554/1
Bloemendaal;Beleidsregels Lokale Aanpak Isolatie Bloemendaal 2025;bloemendaal-cvdr738031;€ 1.500;2028-06-30;ja;450000;<;2022-01-01;label D/E/F/G | min. 2 slechte bouwdelen;;;;bonus;energietoeslag hebben ontvangen in 2023 of gebruik maken van het gemeentelijk minimabeleid;nee;cvdr;hoog;nee;https://lokaleregelgeving.overheid.nl/CVDR738031/2
Bodegraven-Reeuwijk;Nadere regels isolatie van koopwoningen;bodegraven-reeuwijk-cvdr741519;doelgroep 1 maximaal € 3.750,- inclusief BTW en voor doelgroep 2 maximaal € 1.250,- inclusief BTW;;ja;505000;<=;2022-01-01;label D/E/F/G | min. 2 slechte bouwdelen;;;;bonus;huishoudelijk inkomen niet hoger is dan 120% van het sociaal minimum en / of energietoeslag 2022 ontvangen;nee;cvdr;middel;nee;https://lokaleregelgeving.overheid.nl/CVDR741519/2
Bodegraven-Reeuwijk;Subsidieverordening isolatie van koopwoningen 2025;bodegraven-reeuwijk-cvdr741518;maximaal 100%;;ja;;<;;;;;;;;nee;cvdr;middel;nee;https://lokaleregelgeving.overheid.nl/CVDR741518/1
Boekel;Subsidieverordening Lokale Aanpak Isolatie 2026 Boekel;boekel-cvdr757804;100% van de subsidiabele kosten, tot maximaal €1.500,- per woning (maximaal €1.250,- bij doe-het-zelf, maximaal €3.000,- bij inkomen lager dan 130% sociaal minimum);2029-12-31;ja;477000;<=;2024-01-01;;;;;bonus;Lager dan 130% van het sociaal minimum voor doelgroep 1 (verhoogde subsidie tot maximaal €3.000,-);nee;cvdr;hoog;nee;https://lokaleregelgeving.overheid.nl/CVDR757804/1
Borger-Odoorn;Gemeentelijke Subsidieregeling energiebesparende isolatiemaatregelen;borger-odoorn-cvdr752733;100% van de subsidiabele kosten tot een maximum van € 2.500,- per woning;2026-12-31;ja;;;;;;;;vereist;< € 40.000,- gezamenlijk geregistreerd inkomen in het jaar voorafgaand aan de aanvraag;nee;cvdr;hoog;nee;https://lokaleregelgeving.overheid.nl/CVDR752733/1
Borger-Odoorn;Subsidieregeling nationaal isolatieprogramma Borger-Odoorn;borger-odoorn-cvdr741573;"maximaal € 2.500,- inclusief BTW per woning voor advies aan huis of declaratie; maximaal € 1.750,- inclusief BTW per woning voor doe-het-zelf kadokaart";2028-12-31;ja;429300;<;2023-01-01;label D/E/F/G | min. 2 slechte bouwdelen;;;;;;;cvdr;hoog;nee;https://lokaleregelgeving.overheid.nl/CVDR741573/1
Borne;Subsidieregeling energiebesparende maatregelen slecht geïsoleerde woningen gemeente Borne 2025 (herziening);borne-cvdr749596;max. € 5.000;2027-12-31;ja;477000;<=;2022-01-01;label D/E/F/G | label geen/A/B/C + min. 2 slechte bouwdelen;;;;bonus;Recht gehad op energietoeslag in kalenderjaar 2023 verhoogt het subsidiebedrag naar maximaal € 5.000,00.;nee;cvdr;hoog;nee;https://lokaleregelgeving.overheid.nl/CVDR749596/1
Borsele;Subsidieregeling Lokale Aanpak Isolatie gemeente Borsele 2025;borsele-cvdr738384;€ 2.050;2027-12-31;ja;500000;<=;2022-01-01;label D/E/F/G | min. 2 slechte bouwdelen;;;;;;ja;cvdr;hoog;nee;https://lokaleregelgeving.overheid.nl/CVDR738384/2
Borsele;Subsidieregeling Lokale Aanpak Isolatie gemeente Borsele 2026;borsele-cvdr767116;€2050;2028-12-31;ja;500000;<=;2022-01-01;label D/E/F/G | min. 2 slechte bouwdelen;;;;;;ja;cvdr;hoog;nee;https://lokaleregelgeving.overheid.nl/CVDR767116/1
Boxtel;Subsidieregeling Lokale Aanpak Spouwmuurisolatie Boxtel 2025;boxtel-cvdr742416;maximaal 100% van de kosten met een maximum van €6000,- (inclusief BTW);2026-12-31;ja;;;;;;;;vereist;Energietoeslag ontvangen onder de beleidsregels ‘eenmalige energietoeslag 2022 gemeente Boxtel’ en/of ‘eenmalige energietoeslag 2023 gemeente Boxtel’;nee;cvdr;hoog;nee;https://lokaleregelgeving.overheid.nl/CVDR742416/1
Boxtel;Subsidieregeling Samen Isoleren Boxtel;boxtel-cvdr762057;15% (3-5 deelnemers) of 20% (6-10 deelnemers) van het factuurbedrag incl. btw, maximaal € 4.000,– per adres;2027-09-30;ja;;;;;;;;;;nee;cvdr;hoog;nee;https://lokaleregelgeving.overheid.nl/CVDR762057/1
Breda;Subsidieregeling VHF2 verduurzamingsprojecten gespikkeld bezit omgeving Achtervang (Brabantpark-Oost);breda-cvdr717538;maximaal € 8.500,- en maximaal 50% van het totale bedrag aan renovatiewerkzaamheden;2026-12-31;nee;405000;<=;2023-01-01;;;;;;;nee;cvdr;hoog;nee;https://lokaleregelgeving.overheid.nl/CVDR717538/3
Bronckhorst;Subsidiebeleidsregels Bloemenbuurt Zelhem 2021 - 2031;bronckhorst-cvdr682026;maximaal 70% van het factuurbedrag (bijv. max 70% van € 7.438 tot € 16.187 afhankelijk van label);2031-12-31;ja;;;;label C/D/E/F/G;;;;;;;cvdr;hoog;nee;https://lokaleregelgeving.overheid.nl/CVDR682026/1
Bronckhorst;Subsidieregeling Isolatie Subsidie Achterhoek – Bronckhorst 2025;bronckhorst-cvdr743293;maximaal € 2.000;2027-09-30;ja;477000;<=;2024-01-01;label D/E/F/G | min. 2 slechte bouwdelen;;;;;;;cvdr;hoog;nee;https://lokaleregelgeving.overheid.nl/CVDR743293/1
Bronckhorst;Verordening Duurzaamheidslening gemeente Bronckhorst 2017;bronckhorst-cvdr467088;minimaal € 2.500,- en maximaal € 25.000,- per woning;;ja;;;;;;;;;;;cvdr;middel;nee;https://lokaleregelgeving.overheid.nl/CVDR467088/1
Brummen;Subsidie Lokale Aanpak Isolatie;brummen-web-subsidie-lokale-aanpak-isolatie;Bedrijf: max. € 4.000 (inkomen tot en met 150% sociaal minimum), max. € 1.500 (inkomen > 150%), max. € 1.750 (biobased). Doe-het-zelf: max. € 1.000, max. € 1.250 (biobased).;;ja;477000;<=;2022;label D/E/F/G | min. 2 slechte bouwdelen;;;;bonus;tot en met 150% van het sociaal minimum;;web;laag;nee;https://www.brummen.nl/subsidies/subsidie-lokale-aanpak-isolatie
Brummen;Toekomstbestendig wonen lening;brummen-web-toekomstbestendig-wonen-lening;;;ja;;;;;;;;;;ja;web;laag;nee;https://www.brummen.nl/wonen-en-leefomgeving/wonen-bouwen-en-verbouwen/toekomstbestendig-wonen-lening
Brunssum;Subsidieregeling Lokale Aanpak Isolatie gemeente Brunssum (V3);brunssum-cvdr751589;Doelgroep A: 70% tot max € 1.300 voor 1e maatregel en max € 1.000 voor 2e maatregel (totaal max € 2.300). Doelgroep B: 100% tot max € 5.000 voor 1 maatregel of € 10.000 voor 2 maatregelen.;2027-08-31;ja;;<;2022-01-01;label D/E/F/G | min. 2 slechte bouwdelen;;1991;;bonus;Energietoeslag 2023 van de gemeente Brunssum ontvangen (voor Doelgroep B);nee;cvdr;hoog;nee;https://lokaleregelgeving.overheid.nl/CVDR751589/1
Brunssum;"Subsidieregeling “Lokale Aanpak Isolatie Doe-het-zelf Gemeente Brunssum""";brunssum-cvdr755071;100% van het totale aankoopbedrag aan (isolatie)materialen met een maximum van €1.300,-, inclusief BTW, per woning;2028-10-31;ja;;<;2022-01-01;label D/E/F/G | min. 2 slechte bouwdelen;;1991;;;;nee;cvdr;hoog;nee;https://lokaleregelgeving.overheid.nl/CVDR755071/1
Bunnik;Subsidieregeling isolatie koopwoningen Verenigingen van Eigenaars gemeente Bunnik;bunnik-cvdr763615;Maximaal 100% van de kosten met een maximum van € 1.500 inclusief btw per appartement;2029-01-01;ja;576000;<=;januari 2022, 2023 of 2024;min. 2 slechte bouwdelen | label D/E/F/G;;1995;;;;voorwaarde;cvdr;hoog;nee;https://lokaleregelgeving.overheid.nl/CVDR763615/1
Bunnik;Subsidieregeling isolatie koopwoningen gemeente Bunnik;bunnik-cvdr742128;"Maximaal € 4.800,- incl. btw (doelgroep 1) of maximaal € 1.500,- incl. btw (doelgroep 2); maximaal 100% van de kosten";2028-06-30;ja;576000;<=;2022-01-01;min. 2 slechte bouwdelen;;1994;;bonus;Maximaal 150% van de toepasselijke bijstandsnorm (zonder kostendelersnorm) of toekenning van energietoeslag in 2022 en/of 2023 voor doelgroep 1;nee;cvdr;hoog;nee;https://lokaleregelgeving.overheid.nl/CVDR742128/1
Bunschoten;Nadere regel subsidie isolatie koopwoningen 2026 Bunschoten;bunschoten-cvdr743050;"Doelgroep 1A: maximaal € 4.000,-; Doelgroep 1B: maximaal € 2.000,-; Doelgroep 2A: maximaal € 1.500,-; Doelgroep 2B: maximaal € 1.250,- inclusief BTW. Maximaal één voucher per huishouden en per adres.";2028-06-30;ja;482000;<=;2022-01-01;min. 2 slechte bouwdelen;;1994;;bonus;Energietoeslag 2022/2023 of gezamenlijk inkomen van maximaal 150% van de toepasselijke bijstandsnorm zonder kostendelersnorm;nee;cvdr;hoog;nee;https://lokaleregelgeving.overheid.nl/CVDR743050/3
Bunschoten;Nadere regel subsidie isolatie koopwoningen 2026-2027 Bunschoten;bunschoten-cvdr766310;maximaal € 4.000,- (doelgroep 1A), € 2.000,- (1B), € 1.500,- (2A) of € 1.250,- (2B), plus eventueel max. € 500,- biobased bonus;2028-06-30;ja;482000;<=;2022-01-01;label D/E/F/G | min. 2 slechte bouwdelen;;1994;;bonus;maximaal 150% van het sociaal minimum;nee;cvdr;hoog;nee;https://lokaleregelgeving.overheid.nl/CVDR766310/1
Bunschoten;Nadere regel subsidie vloer- en bodemisolatie koopwoningen 2023 Bunschoten;bunschoten-cvdr700880;maximaal € 1.460,- per aanvraag;2026-12-31;ja;409000;<=;2022;min. 2 slechte bouwdelen;;1993;;;;nee;cvdr;hoog;nee;https://lokaleregelgeving.overheid.nl/CVDR700880/1
Buren;Subsidieregeling lokale aanpak isolatie Buren 2024;buren-cvdr726326;maximaal € 1.330,- per woning (standaard) of maximaal € 4.000,- in natura (ontzorgingstraject);2028-06-30;ja;477000;<;2022-01-01;label D/E/F/G | label C + min. 2 slechte bouwdelen | label geen + min. 2 slechte bouwdelen;;;;bonus;aantoonbaar in aanmerking komen voor energietoeslag, schuldhulpverlening of schuldsanering;;cvdr;hoog;nee;https://lokaleregelgeving.overheid.nl/CVDR726326/2
Capelle aan den IJssel;Subsidieregeling Capels Isolatie Plan 2023 - 2030;capelle-aan-den-ijssel-cvdr764459;50%;2029-12-31;ja;422000;<=;2024-01-01;label D/E/F/G | min. 2 slechte bouwdelen;;;;bonus;aantoonbare energiearmoede door middel van het overleggen van ontvangen energietoeslag;ja;cvdr;hoog;nee;https://lokaleregelgeving.overheid.nl/CVDR764459/1
Castricum;Subsidieregeling energiebesparing bestaande woningen Castricum 2024-2027;castricum-cvdr725521;;;ja;;;;;;;;;;;cvdr;middel;nee;https://lokaleregelgeving.overheid.nl/CVDR725521/1
Castricum;Subsidieregeling woningisolatie bestaande woningen CASTRICUM 2025-2030;castricum-cvdr749964;"subsidie_nip: maximaal € 2.000,-; subsidie_spuk_ea: maximaal € 5.000,-; totaal_gecombineerd: maximaal € 7.000,-; extra_biobased: gelijk aan het ISDE-bedrag voor biobased materialen";2030-12-31;ja;543000;<=;2022-01-01 of 2023-01-01 of 2024-01-01;label D/E/F/G | label A/B/C/geen + min. 2 slechte bouwdelen;;;;bonus;Niet hoger dan 150% van het sociaal minimum (de toepasselijke bijstandsnorm);nee;cvdr;hoog;nee;https://lokaleregelgeving.overheid.nl/CVDR749964/1
Coevorden;Gemeentelijke Subsidieregeling energiebesparende isolatiemaatregelen 2.0;coevorden-cvdr765193;100% van de subsidiabele kosten tot een maximum van € 2.500,- per woning;2026-12-31;ja;;;;;;;;vereist;< € 40.000,- geregistreerd inkomen in het jaar voorafgaand aan de aanvraag (tezamen);nee;cvdr;hoog;nee;https://lokaleregelgeving.overheid.nl/CVDR765193/1
Cranendonck;Subsidieregeling lokale aanpak isolatie Cranendonck;cranendonck-cvdr756820;maximaal € 2.000, of maximaal € 4.000 bij laag inkomen/sociaal minimum;2028-12-31;ja;;<;2022-01-01;label D/E/F/G | min. 2 slechte bouwdelen;;;;bonus;niet hoger is dan 130% van de sociaal minimum (of schuldhulpverlening, schuldsanering of bijzondere bijstand);ja;cvdr;hoog;nee;https://lokaleregelgeving.overheid.nl/CVDR756820/1
Culemborg;Subsidieregeling ‘Woningisolatie Culemborg 2024’;culemborg-cvdr764440;maximaal 100% van de subsidiabele kosten met een maximum van € 1.000 (cat. 1 en 2), € 1.400 per woning (cat. 3 en 4) of € 6.000 per woning (cat. 5);;ja;450000;<=;2024-01-01;label D/E/F/G | min. 2 slechte bouwdelen;;;;bonus;maximaal 200% van de vingerende bijstandsnorm voor cat. 5 subsidie;voorwaarde;cvdr;middel;nee;https://lokaleregelgeving.overheid.nl/CVDR764440/1
Culemborg;Subsidieverordening isolatiemaatregelen koopwoningen 2010 – 2011;culemborg-cvdr84318;éénderde van de subsidiabele kosten tot maximaal € 500,- per woning;;ja;350000;<=;2009-01-01;;;1979;;;;;cvdr;middel;nee;https://lokaleregelgeving.overheid.nl/CVDR84318/1
Dalfsen;Regeling Lokale Aanpak Isolatie;dalfsen-cvdr762091;maximaal € 1.460;;ja;477000;<;2024;label D/E/F/G | min. 2 slechte bouwdelen;;;;;;;cvdr;middel;nee;https://lokaleregelgeving.overheid.nl/CVDR762091/1
Dantumadiel;Subsidieregeling Lokale Aanpak Isolatie gemeente Dantumadiel;dantumadiel-cvdr738605;ten hoogste 100% van de subsidiabele kosten, tot een maximum van € 2.500 per aanvraag;2027-08-31;ja;350000;<=;2022-01-01;label D/E/F/G | min. 2 slechte bouwdelen;;;;;;ja;cvdr;hoog;nee;https://lokaleregelgeving.overheid.nl/CVDR738605/1
De Bilt;Subsidieregeling isolatie koopwoningen Verenigingen van Eigenaars gemeente De Bilt 2025;de-bilt-cvdr748844;100% van de kosten, maximaal € 1.500 inclusief btw per appartement en maximaal € 75.000 per VvE;2029-01-01;ja;592000;<=;2022-01-01;min. 2 slechte bouwdelen | label D/E/F/G;;1994;;;;ja;cvdr;hoog;nee;https://lokaleregelgeving.overheid.nl/CVDR748844/1
De Bilt;Subsidieregeling isolatie koopwoningen gemeente De Bilt 2026;de-bilt-cvdr759046;Maximaal € 3.000 voor doelgroep 1 en maximaal € 1.500 voor doelgroep 2 (maximaal 100% per woning);2028-06-30;ja;592000;<=;2022-01-01;min. 2 slechte bouwdelen;;1994;;bonus;Energietoeslag in 2022 en/of 2023 of gezamenlijk inkomen van maximaal 150% van de toepasselijke bijstandsnorm;nee;cvdr;hoog;nee;https://lokaleregelgeving.overheid.nl/CVDR759046/1
De Fryske Marren;Subsidieregeling Lokale Aanpak Isolatie gemeente De Fryske Marren;de-fryske-marren-cvdr744917;max. € 2.160, 100.0%;2029-10-01;ja;390000;<=;2024-01-01;label D/E/F/G | min. 2 slechte bouwdelen;;;;;;ja;cvdr;hoog;nee;https://lokaleregelgeving.overheid.nl/CVDR744917/1
De Ronde Venen;Verlengde subsidieregeling isolatie koopwoningen gemeente De Ronde Venen 2026;de-ronde-venen-cvdr762370;"Doelgroep 1 maximaal € 10.000,- incl. btw; Doelgroep 2 maximaal € 1.500,- incl. btw (maximaal 100% vergoeding inclusief ISDE)";2028-10-31;ja;498200;<=;2022-01-01;label D/E/F/G | label A/B/C/geen + bouwjaar t/m 1994 + min. 2 slechte bouwdelen;;;;bonus;Energietoeslag ontvangen in 2022 en/of 2023 (artikel 35, lid 4 Participatiewet) voor doelgroep 1;nee;cvdr;hoog;nee;https://lokaleregelgeving.overheid.nl/CVDR762370/1
De Wolden;Regeling duurzaamheidssubsidie voor starters 2023 – 2026;de-wolden-cvdr690193;30% van de subsidiabele kosten, met een minimum van € 1.000,- en een maximum van € 5.000,- per woning;2026-12-31;ja;;;;;;2005;;;;;cvdr;hoog;nee;https://lokaleregelgeving.overheid.nl/CVDR690193/2
De Wolden;Subsidieregeling Lokale Aanpak Isolatie gemeente De Wolden 2026-2028;de-wolden-cvdr757541;maximaal € 2.160 (te vermeerderen met € 300 bij biobased isolatiemateriaal);2028-12-31;ja;477000;<;2022-01-01;label D/E/F/G | min. 2 slechte bouwdelen;;;;;;;cvdr;hoog;nee;https://lokaleregelgeving.overheid.nl/CVDR757541/1
Delft;Subsidie voor isoleren woningen Multatulibuurt;delft-web-subsidie-voor-isoleren-woningen-multatulibuurt;maximaal € 20.000 per woning;2028-09-01;ja;;;;;;;;;;ja;web;laag;nee;https://www.delft.nl/subsidie-voor-isoleren-woningen-multatulibuurt
Delft;Subsidie voor woning isoleren;delft-web-subsidie-voor-woning-isoleren;Maximaal € 2.500 (afhankelijk van WOZ-waarde en aantal maatregelen), plus eventuele biobased bonus van € 170 per maatregel (maximaal € 340 per woning);2028-12-31;;477000;<=;2024-01-01;label D/E/F/G | min. 2 slechte bouwdelen;;1991;;;;ja;web;laag;nee;https://www.delft.nl/subsidie-voor-woning-isoleren
Den Helder;Subsidieverordening Isolatieaanpak Den Helder 2025-2028;den-helder-cvdr745574;"100% van de subsidiabele kosten; maximaal € 5.000 (bij energietoeslag/schuldhulp), maximaal € 2.250 (WOZ < € 290.000), of maximaal € 1.500 (WOZ € 290.000 - € 477.000)";2027-06-01;ja;477000;<;2024-01-01;label D/E/F/G | min. 2 slechte bouwdelen;;;;bonus;Energietoeslag in 2022 of 2023, schuldhulpverlening/sanering, of betalingsachterstand van minimaal € 750 op vaste lasten (minstens 3 termijnen in afgelopen 9 maanden);ja;cvdr;hoog;nee;https://lokaleregelgeving.overheid.nl/CVDR745574/2
Deventer;Beleidsregels Deventer Helpt Isoleren 2026/2027;deventer-cvdr762542;ten hoogste € 4.500 (zonnepanelen ten hoogste € 2.500);2027-12-01;ja;;;;label D/E/F/G + bouwjaar t/m 1993;;1993;;vereist;niet hoger dan 150% van de toepasselijke bijstandsnorm;;cvdr;hoog;nee;https://lokaleregelgeving.overheid.nl/CVDR762542/1
Deventer;Tijdelijke subsidieverordening lokale aanpak isolatie particuliere woningen gemeente Deventer;deventer-cvdr739807;maximaal €1.300,- per woning (eventueel vermeerderd met €200 voor biobased isolatiematerialen);2027-01-01;ja;;<;;label D/E/F/G | min. 2 slechte bouwdelen;;;;;;ja;cvdr;middel;nee;https://lokaleregelgeving.overheid.nl/CVDR739807/1
Diemen;Subsidieregeling Woningisolatie Diemen;diemen-cvdr722184;€ 4.000;2028-08-31;ja;540000;<;2022-01-01;label D/E/F/G | min. 2 slechte bouwdelen;;;;bonus;Energietoeslag ontvangen in 2022 en/of 2023;ja;cvdr;hoog;nee;https://lokaleregelgeving.overheid.nl/CVDR722184/4
Dijk en Waard;Isolatiesubsidie slecht geïsoleerde woningen Dijk en Waard 2025-2027;dijk-en-waard-cvdr745247;eenmalig maximaal € 1400,- per woning;2027-04-01;ja;429300;<;2022-01-01;label D/E/F/G | min. 2 slechte bouwdelen;;;;;;nee;cvdr;middel;nee;https://lokaleregelgeving.overheid.nl/CVDR745247/2
Dijk en Waard;Subsidieregeling Doe-Het-Zelf isolatiekaarten Dijk en Waard 2024;dijk-en-waard-cvdr728342;maximaal € 1400,-;2027-01-01;ja;429300;<;2022-01-01;label D/E/F/G | min. 2 slechte bouwdelen;;;;;;nee;cvdr;hoog;nee;https://lokaleregelgeving.overheid.nl/CVDR728342/1
Dijk en Waard;Subsidieregeling Isolatiemaatregelen laag inkomen Dijk en Waard 2026;dijk-en-waard-cvdr764380;maximaal € 3.500;2027-12-31;ja;;;;;;;;vereist;in 2025 een toeslag heeft ontvangen van het Tijdelijk Noodfonds Energie;;cvdr;hoog;nee;https://lokaleregelgeving.overheid.nl/CVDR764380/1
Dinkelland;Gemeentelijke subsidieregeling isolatie eigen woningen gemeente Dinkelland;dinkelland-cvdr762271;maximaal € 750,- per woning;2028-10-01;ja;;;;;;;;;;;cvdr;hoog;nee;https://lokaleregelgeving.overheid.nl/CVDR762271/1
Dinkelland;Subsidieregeling voor isolatie van eigen woningen (lagere prijssegment) gemeente Dinkelland;dinkelland-cvdr762272;Maximaal € 750,- per woning;2028-10-01;ja;477000;<;2024;label D/E/F/G | min. 2 slechte bouwdelen;;;;;;;cvdr;hoog;nee;https://lokaleregelgeving.overheid.nl/CVDR762272/1
Doesburg;Subsidie Aardgasvrij of Aardgasvrij-klaar Doesburg (SAAK);doesburg-saak;30% van de kosten, max. €4.500 per huis;;;;;;;;;;;;;handmatig;laag;ja;https://www.energieloketachterhoek.nl/subsidies-leningen/saak-subsidie-doesburg/
Doesburg;Subsidieregeling Isolatie Subsidie Achterhoek (ISA) – Doesburg 2025-2028;doesburg-isa-2025-2028;100% van de subsidiabele kosten met een maximum van €2.000,- per adres. Aanvullend voor bio-based: dakisolatie €5/m², zolder-/vlieringvloerisolatie €1,50/m², spouwmuurisolatie €1,50/m², gevelisolatie €6/m², vloerisolatie €2/m², bodemisolatie €1/m²;2028-09-30;ja;477000;<=;2024-01-01;label D/E/F/G | min. 2 slechte bouwdelen;;;;;;;cvdr;hoog;nee;https://lokaleregelgeving.overheid.nl/CVDR743563/1
Doesburg;Subsidieregeling Isolatiesubsidie laag inkomen Achterhoek;doesburg-cvdr757582;maximaal € 5.000,- inclusief btw per woning;2027-09-30;ja;;;;;;1999;;vereist;niet meer dan € 46.500,- inclusief vakantiegeld;;cvdr;hoog;nee;https://lokaleregelgeving.overheid.nl/CVDR757582/1
Doesburg;Subsidieverordening aardgasvrij of aardgasvrij-klaar 2024 - 2028;doesburg-cvdr723930;30% van de kosten met een maximum van € 4.500 per woning;2028-12-31;ja;;;;;;;;;;ja;cvdr;hoog;nee;https://lokaleregelgeving.overheid.nl/CVDR723930/2
Doesburg;Verordening ‘Toekomstbestendig Wonen Gelderland, gemeente Doesburg 2025’;doesburg-cvdr749101;max. € 35.000, min. € 2.500;;ja;;;;label C/D/E/F/G;;;;;;nee;cvdr;middel;nee;https://lokaleregelgeving.overheid.nl/CVDR749101/1
Doetinchem;Subsidieregeling Woningisolatie De Happert-Leerinkstraat, De IJkenberg en De Bezelhorst;doetinchem-cvdr745517;maximaal 77 % van het factuurbedrag inclusief BTW met een maximum van € 8.000,00 per woning;2034-04-30;ja;;;;;;;;;;nee;cvdr;hoog;nee;https://lokaleregelgeving.overheid.nl/CVDR745517/1
Doetinchem;Subsidieregeling toekomstbestendige particuliere woningen Overstegen - west, Muziekbuurt en Schrijvers en dichtersbuurt 2023-2031;doetinchem-cvdr719693;"Maximaal 70% van het factuurbedrag van energiemaatregelen (label G max € 16.023,70; F max € 13.741,70; E max € 11.330,90; D max € 8.614,20; C max € 5.901,00)";2031-12-31;ja;;;;label C/D/E/F/G;;;;;;;cvdr;hoog;nee;https://lokaleregelgeving.overheid.nl/CVDR719693/1
Doetinchem;Subsidieregeling ‘Isolatie Subsidie Achterhoek - Doetinchem 2025-2027’;doetinchem-isa-2025-2027;max. € 2.000;2027-09-30;ja;477000;<=;2024-01-01;label D/E/F/G | min. 2 slechte bouwdelen;;;;;;;cvdr;hoog;nee;https://lokaleregelgeving.overheid.nl/CVDR744251/2
Doetinchem;Subsidieregeling “Isolatiesubsidie laag inkomen”;doetinchem-cvdr758159;maximaal € 2.500,- inclusief btw;2027-09-30;ja;;;;;;1999;;vereist;niet meer dan € 46.500,-;;cvdr;hoog;nee;https://lokaleregelgeving.overheid.nl/CVDR758159/1
Dongen;Subsidieregeling lokale isolatieaanpak 2023-2026 Dongen;dongen-cvdr725291;maximaal € 1.500,- per woning en niet meer dan 100% van de werkelijk gemaakte kosten;2026-12-31;ja;477000;<=;2024-01-01;label D/E/F/G | min. 2 slechte bouwdelen;;;;;;nee;cvdr;hoog;nee;https://lokaleregelgeving.overheid.nl/CVDR725291/4
Dordrecht;Subsidieregeling 'Crabbehof isoleert' GEMEENTE DORDRECHT;dordrecht-cvdr760209;maximaal € 15.000,- per woning (plus maximaal € 10.000,- voor noodzakelijk achterstallig onderhoud);2033-12-31;ja;380000;<=;2024-01-01;min. 2 slechte bouwdelen;;;;;;nee;cvdr;hoog;nee;https://lokaleregelgeving.overheid.nl/CVDR760209/1
Dordrecht;Subsidieregeling 'Krispijn isoleert’ gemeente Dordrecht;dordrecht-cvdr760210;maximaal € 9.000,- per woning (plus maximaal € 10.000,- voor noodzakelijk achterstallig onderhoud);2034-12-31;ja;380000;<=;2024-01-01;min. 2 slechte bouwdelen;;;;;;nee;cvdr;hoog;nee;https://lokaleregelgeving.overheid.nl/CVDR760210/1
Dordrecht;Subsidieregeling ‘Dordt isoleert’ gemeente Dordrecht;dordrecht-cvdr760208;Maximaal € 2.000,- per woning (subsidiebedrag is subsidiabele kosten minus ISDE). Voor doelgroep energiearmoede: maximaal € 15.000,- per woning (plus maximaal € 10.000,- voor noodzakelijk achterstallig onderhoud).;2028-12-31;ja;380000;<=;2024-01-01;min. 2 slechte bouwdelen;;;;bonus;Voor de doelgroep energiearmoede: inwoners met energietoeslag 2023, schuldsanering, bijzondere bijstand en/of inkomen tot 140% van het wettelijk sociaal minimum.;nee;cvdr;hoog;nee;https://lokaleregelgeving.overheid.nl/CVDR760208/1
Dordrecht;Voucherregeling Doe-Het-Zelf isolatie gemeente Dordrecht;dordrecht-cvdr760231;maximaal € 1.000,-;2028-12-31;ja;380000;<=;2024-01-01;min. 2 slechte bouwdelen;;;;;;nee;cvdr;hoog;nee;https://lokaleregelgeving.overheid.nl/CVDR760231/1
Drechterland;Subsidie Lokale Aanpak Isolatie Drechterland tweede tranche;drechterland-cvdr755046;Maximaal 100% van de subsidiabele kosten, tot maximaal €2.700 inclusief BTW;2028-03-31;ja;477000;<=;2022-01-01;label D/E/F/G | min. 2 slechte bouwdelen;;;;;;nee;cvdr;hoog;nee;https://lokaleregelgeving.overheid.nl/CVDR755046/1
Drimmelen;Subsidieregeling isolatieprogramma gemeente Drimmelen;drimmelen-cvdr724538;"Doelgroep A: maximaal € 5.000; Doelgroep B: maximaal € 2.200; Doelgroep C: maximaal € 1.150; bonus biobased materiaal: € 250; toelage mitigerende maatregelen (doelgroep A en B): 100% met een maximum van € 2.000 (minimaal € 700)";2028-12-01;ja;477000;<;in 2022, 2023 óf 2024;label D/E/F/G | min. 2 slechte bouwdelen;;1991;;bonus;"Doelgroep A: inkomen onder 120% van het sociaal minimum (zie normbedragen bijlage 4); Doelgroep B: verzameljaarinkomen onder € 60.000; Doelgroep C: geen inkomenseis.";ja;cvdr;hoog;nee;https://lokaleregelgeving.overheid.nl/CVDR724538/4
Dronten;Duurzaamheidslening;dronten-web-duurzaamheidslening-gemeente-dronten;maximaal € 25.000,-;;ja;;;;;;;;;;;web;laag;nee;https://www.dronten.nl/direct-regelen/wonen-verhuizen-verbouwen/duurzaam-dronten/duurzaamheidslening/
Dronten;Isoleer en bespaar slim!;dronten-web-isolatiesubsidie-isoleer-en-bespaar-slim;maximaal € 1650,-;2028-12-13;ja;429300;<;2022-01-01;min. 2 slechte bouwdelen;;;;;;;web;laag;nee;https://www.dronten.nl/isoleren
Druten;Subsidieregeling isolatiemaatregelen voor een smalle beurs;druten-cvdr743954;100% van de kostprijs van de maatregel(en) met een maximum van € 4.000 inclusief BTW;2027-12-31;ja;425000;<=;2024-01-01;;;2004;;vereist;verzamelinkomen van maximaal € 34.000 op jaarbasis;voorwaarde;cvdr;hoog;nee;https://lokaleregelgeving.overheid.nl/CVDR743954/1
Druten;Subsidieregeling lokale aanpak isolatie gemeente Druten;druten-cvdr755330;maximaal de subsidiabele kosten na aftrek van reeds verleende of nog te ontvangen andere subsidies voor dezelfde maatregelen, met een maximum van € 1.600,- per bestaande woning;2028-12-31;ja;477000;<=;2024-01-01;label D/E/F/G | min. 2 slechte bouwdelen;;1991;;;;ja;cvdr;hoog;nee;https://lokaleregelgeving.overheid.nl/CVDR755330/1
Duiven;Subsidieregeling lokale aanpak isolatie Duiven 2026;duiven-cvdr760259;maximaal €1.460;2028-12-31;ja;477000;<=;2022-01-01;label D/E/F/G | min. 2 slechte bouwdelen;;;;;;ja;cvdr;hoog;nee;https://lokaleregelgeving.overheid.nl/CVDR760259/1
Echt-Susteren;Subsidieregeling Lokale Aanpak Isolatie Gemeente Echt-Susteren 2025;echt-susteren-cvdr744730;100% van de subsidiabele kosten, maximaal € 1.500 (of tot maximaal € 6.000 bij inkomen < 120% sociaal minimum);2028-07-01;ja;429300;<=;2022-01-01;label D/E/F/G | min. 2 slechte bouwdelen;;;;bonus;lager dan 120% van het sociaal minimum;nee;cvdr;hoog;nee;https://lokaleregelgeving.overheid.nl/CVDR744730/1
Ede;Subsidieregeling Biobased isolatie Ede;ede-cvdr755647;maximaal €750,-;2026-12-31;ja;;;;;;;;;;;cvdr;hoog;nee;https://lokaleregelgeving.overheid.nl/CVDR755647/1
Ede;Subsidieregeling lokale aanpak isolatie Ede;ede-cvdr740494;"regulier_max: 1500; laag_inkomen_max: 6000; doe_het_zelf_max: 1000; vve_per_woning_max: 1500";2028-12-31;ja;488000;<;2025-01-01;label D/E/F/G | min. 2 slechte bouwdelen;;;;bonus;Niet hoger dan 150% van het sociaal minimum (of schuldhulpverlening, schuldsaneringsregeling, bijzondere bijstand);ja;cvdr;hoog;nee;https://lokaleregelgeving.overheid.nl/CVDR740494/2
Eemnes;Duurzaamheidslening;eemnes-web-duurzaamheidslening-eemnes;minimaal € 2.500 en maximaal € 25.000;;ja;;;;;;1994;;;;;web;laag;nee;https://www.eemnes.nl/duurzaamheidslening
Eemnes;isolatieactie;eemnes-web-isolatieactie-eemnes;tot € 1.700;;ja;490000;<=;;;;;;;;;web;laag;nee;https://www.eemnes.nl/meld-u-aan-voor-de-isolatieactie
Eemsdelta;Stimuleringslening;eemsdelta-web-stimuleringslening-eemsdelta;tussen € 10.001 en € 50.000 (nooit meer dan de werkelijke kosten);;ja;;;;;;;;;;;web;laag;nee;https://www.eemsdelta.nl/stimuleringslening
Eemsdelta;Subsidie Volkshuisvestingsfonds voor koopwoningen;eemsdelta-web-subsidie-volkshuisvestingsfonds-voor-koopwoningen;70% van de kosten, tot maximaal € 14.500 per woning;;ja;;;;;;1990;;;;nee;web;laag;nee;https://www.eemsdelta.nl/subsidie-volkshuisvestingsfonds-voor-koopwoningen
Eersel;Subsidieregeling energiebesparende maatregelen voor particulieren 2023-2026 gemeente Eersel;eersel-cvdr699238;Maximaal € 750,00 per maatregel (kan worden verdubbeld voor slecht geïsoleerde woningen met een lage WOZ-waarde). Minimaal investeringsbedrag is € 1.000,00.;2026-12-31;ja;447000;<=;2022-01-01;label D/E/F/G | min. 2 slechte bouwdelen;;2018;;;;ja;cvdr;hoog;nee;https://lokaleregelgeving.overheid.nl/CVDR699238/4
Eindhoven;Plafondbesluit Subsidieregeling isolatie en ventilatie eigenaar-bewoners Eindhoven;eindhoven-cvdr745046;;2028-12-31;ja;;;;;;;;;;;cvdr;middel;nee;https://lokaleregelgeving.overheid.nl/CVDR745046/1
Eindhoven;Subsidieregeling isolatie en ventilatie eigenaar-bewoners Eindhoven;eindhoven-cvdr745292;"maximaal: 1250; bonus: 500; omschrijving: maximaal €1.250,-, te verhogen met €500,- bij toepassing van biobased isolatiemateriaal";2028-10-01;ja;457000;<=;2023-01-01;label D/E/F/G | min. 2 slechte bouwdelen;;1991;;;;ja;cvdr;hoog;nee;https://lokaleregelgeving.overheid.nl/CVDR745292/2
Emmen;Subsidieregeling energiebesparende isolatiemaatregelen gemeente Emmen 2023;emmen-cvdr718117;100%;2027-12-31;ja;;;;;;;;vereist;Geregistreerd inkomen in het voorafgaande jaar tezamen lager dan € 34.100,-;nee;cvdr;hoog;nee;https://lokaleregelgeving.overheid.nl/CVDR718117/3
Emmen;Subsidieregeling lokale aanpak isolatie gemeente Emmen 2025;emmen-cvdr737130;maximaal € 1.500,- (inclusief BTW);2026-11-01;ja;;<;meest recente peildatum;label D/E/F/G | min. 2 slechte bouwdelen;;;;;;nee;cvdr;hoog;nee;https://lokaleregelgeving.overheid.nl/CVDR737130/3
Enkhuizen;Subsidie Lokale Aanpak Isolatie Enkhuizen tweede tranche;enkhuizen-cvdr755048;maximaal 100% van de subsidiabele kosten, tot maximaal €2.700 inclusief BTW;2028-03-31;ja;477000;<=;2022-01-01;label D/E/F/G | min. 2 slechte bouwdelen;;;;;;nee;cvdr;hoog;nee;https://lokaleregelgeving.overheid.nl/CVDR755048/1
Enschede;Subsidieverordening lokale aanpak isolatie gemeente Enschede V2;enschede-cvdr749500;"100% tot maximaal € 1.750 inclusief btw (verhoogd met € 250 bij biobased materiaal; tot € 4.000 voor specifieke adressen Renovatiedeal Twente)";2028-12-31;ja;477000;<;2024-01-01;label D/E/F/G | min. 2 slechte bouwdelen;;;;;;ja;cvdr;hoog;nee;https://lokaleregelgeving.overheid.nl/CVDR749500/1
Epe;Subsidieregeling Lokale Aanpak Isolatie Epe;epe-cvdr753407;100% van de kosten tot maximaal €2.000,- inclusief BTW (eenmalig te verhogen met €250,- bij biobased isolatiematerialen);2028-12-31;ja;542000;<=;2022-01-01;label C/D/E/F/G | min. 2 slechte bouwdelen;;1992;;;;nee;cvdr;middel;nee;https://lokaleregelgeving.overheid.nl/CVDR753407/1
Ermelo;Subsidieregeling lokale aanpak isolatie Ermelo 2026;ermelo-cvdr760683;"Maximaal €1.800,- (niet-biobased) of maximaal €2.000,- (biobased); doe-het-zelf: 100% van aanschafkosten tot maximaal €1.000,00";2030-12-31;ja;525000;<=;2024-01-01;label D/E/F/G/geen | min. 2 slechte bouwdelen;;;;;;nee;cvdr;hoog;nee;https://lokaleregelgeving.overheid.nl/CVDR760683/1
Etten-Leur;Subsidieregeling verduurzaming Etten-Leur 2026;etten-leur-cvdr754207;"100% tot maximaal € 1.000 (€ 1.250 bij biobased); voor DEFG-woningen 100% tot maximaal € 2.000 (€ 2.500 bij biobased); proef wijk Banakkers max. 50% tot € 9.000";2026-12-01;ja;408000;<=;2024-01-01;label D/E/F/G | min. 2 slechte bouwdelen;;;;;;nee;cvdr;hoog;nee;https://lokaleregelgeving.overheid.nl/CVDR754207/3
Geldrop-Mierlo;Subsidieregeling Lokale Aanpak Isolatie Geldrop-Mierlo 2026;geldrop-mierlo-cvdr756800;maximaal € 1.500,- per woning;2028-10-31;ja;477000;<;2024;label D/E/F/G | min. 2 slechte bouwdelen;;1991;;;;ja;cvdr;hoog;nee;https://lokaleregelgeving.overheid.nl/CVDR756800/3
Gemert-Bakel;Subsidieregeling Lokale Aanpak Isolatie gemeente Gemert-Bakel 2024;gemert-bakel-cvdr724193;Maximaal € 2.200,- per eigenaar-bewoner (maximaal € 4.000,- voor eigenaar-bewoners die in aanmerking komen voor energietoeslag);2028-11-01;ja;477000;<=;2022-01-01;label D/E/F/G | min. 2 slechte bouwdelen;;;;bonus;In aanmerking komen voor energietoeslag;ja;cvdr;hoog;nee;https://lokaleregelgeving.overheid.nl/CVDR724193/3
Gemert-Bakel;Subsidieregeling Lokale Aanpak Isolatie gemeente Gemert-Bakel WOZ-waarde € 477.001 tot € 550.000,-;gemert-bakel-cvdr746109;max. € 2.200;2028-11-01;ja;550000;<=;2022-01-01;label D/E/F/G | min. 2 slechte bouwdelen;;;;bonus;In aanmerking komen voor energietoeslag verhoogt de subsidie naar maximaal € 4.000,-.;ja;cvdr;hoog;nee;https://lokaleregelgeving.overheid.nl/CVDR746109/2
Gennep;Subsidieregeling Lokale Aanpak Isolatie gemeente Gennep;gennep-cvdr749034;100% van de subsidiabele kosten, tot maximaal €1.500,- inclusief btw per woning (maximaal €6.000,- bij inkomen < 130% van het sociaal minimum);2028-07-01;ja;429300;<=;2022-01-01;label D/E/F/G | min. 2 slechte bouwdelen;;;;bonus;lager dan 130% van het sociaal minimum;nee;cvdr;hoog;nee;https://lokaleregelgeving.overheid.nl/CVDR749034/1
Gilze en Rijen;Subsidieregeling Lokale Aanpak Isolatie 2026-2028, gemeente Gilze en Rijen;gilze-en-rijen-cvdr762422;"maximaal 100% van de kosten met een maximum van € 1.500 per woning (verhoogd met max. € 1.500 voor minima; biobased bonus van € 500)";2028-06-30;ja;477000;<;2022-01-01;bouwjaar t/m 1992 + min. 2 slechte bouwdelen;;1992;;bonus;maximaal 140% van de toepasselijke bijstandsnorm;voorwaarde;cvdr;hoog;nee;https://lokaleregelgeving.overheid.nl/CVDR762422/1
Goeree-Overflakkee;Tijdelijke subsidieregeling isolatiemaatregelen slechte energielabels Goeree-Overflakkee;goeree-overflakkee-cvdr718132;100%;2028-12-31;ja;424000;<=;voorgaande jaar;label D/E/F/G | min. 2 slechte bouwdelen;;;;bonus;Toekenning energietoeslag 2023, voordeel-busabonnement minima 2025-2028, of voorziening Beleidsregel Kindpakket 2025-2028 geeft recht op verhoogd subsidiebedrag.;ja;cvdr;hoog;nee;https://lokaleregelgeving.overheid.nl/CVDR718132/3
Goeree-Overflakkee;Tijdelijke subsidieregeling isolatiemaatregelen slechte energielabels voor doe-het-zelvers Goeree-Overflakkee;goeree-overflakkee-cvdr747808;max. € 1.600;2028-12-31;ja;424000;<=;;label D/E/F/G | min. 2 slechte bouwdelen;;;;bonus;Energietoeslag 2023, voordeel-busabonnement minima, of voorziening Kindpakket;ja;cvdr;hoog;nee;https://lokaleregelgeving.overheid.nl/CVDR747808/1
Goes;Beleidsregels Zeeuws Isolatieprogramma gemeente Goes (tweede herziening);goes-cvdr751369;"eenmalig € 1.700,- per woning (bodemisolatie max. € 26,34/m²; spouwmuurisolatie max. € 18,28/m² + € 300,- ecologie, min. € 1.100,-; biobased toeslag € 1,- tot € 6,-/m²)";2027-12-31;ja;500000;<=;2022-01-01;label D/E/F/G | min. 2 slechte bouwdelen;;;;;;ja;cvdr;hoog;nee;https://lokaleregelgeving.overheid.nl/CVDR751369/1
Goirle;Subsidieregeling Goirle Isoleert 2023-2028;goirle-cvdr747779;"Maximaal € 1.600 voor inkomens boven 150% sociaal minimum; maximaal € 7.600 voor inkomens onder 150% sociaal minimum";2028-12-31;ja;487000;<=;2022-01-01;label D/E/F/G | label B/C + bouwjaar t/m 1995 + min. 2 slechte bouwdelen;;;;bonus;150% van het sociaal minimum;nee;cvdr;hoog;nee;https://lokaleregelgeving.overheid.nl/CVDR747779/2
Gooise Meren;Isolatiesubsidie Gooise Meren;gooise-meren-cvdr735838;Isolatiesubsidie basis max. € 1.000, hoog max. € 3.000, buurtgericht max. € 500, biobased max. € 250 per adres;;ja;634000;<;2022 of datum aanvraag (laagste geldt);label D/E/F/G | min. 2 slechte bouwdelen;;;;bonus;Lager dan 130% van de Bijstandsnorm of energietoeslag ontvangen in 2022 of 2023;ja;cvdr;middel;nee;https://lokaleregelgeving.overheid.nl/CVDR735838/2
Gorinchem;Isolatieactie: korting om uw woning te isoleren;gorinchem-web-isolatieactie-gorinchem;;;ja;429300;<;2022-01-01;label D/E/F/G | min. 2 slechte bouwdelen;;;;bonus;;ja;web;laag;nee;https://www.gorinchem.nl/isolatieactie
Gouda;Subsidieregeling Energiezuinig Wonen Gouda 2024-2028;gouda-cvdr756433;"Maximaal € 3.000 inclusief BTW voor doelgroep 1; maximaal € 1.500 inclusief BTW voor doelgroep 2 of doe-het-zelvers; nooit meer dan de kosten van de maatregelen";2028-07-01;ja;477000;<;2022-01-01;label D/E/F/G | min. 2 slechte bouwdelen;;;;bonus;Energietoeslag ontvangen (voor doelgroep 1);nee;cvdr;hoog;nee;https://lokaleregelgeving.overheid.nl/CVDR756433/1
Gulpen-Wittem;Regeling Lokale Aanpak Isolatie Doe-Het-Zelf Woningisolatie gemeente Gulpen-Wittem;gulpen-wittem-cvdr763667;max. € 1.000;2028-12-31;ja;429300;<;;label D/E/F/G | label geen + min. 2 slechte bouwdelen;;;;;;nee;cvdr;hoog;nee;https://lokaleregelgeving.overheid.nl/CVDR763667/1
Gulpen-Wittem;Subsidieregeling Lokale Aanpak Isolatie – Gulpen-Wittem IsolatieKLAAR;gulpen-wittem-cvdr737884;maximaal € 2.240,-;2028-08-31;ja;429300;<;;label D/E/F/G | min. 2 slechte bouwdelen;;;;;;ja;cvdr;hoog;nee;https://lokaleregelgeving.overheid.nl/CVDR737884/1
Haaksbergen;Verordening subsidie woningisolatie Haaksbergen;haaksbergen-cvdr741548;"Maximaal € 1.850 per woning (€ 2.050 bij biobased); bij doe-het-samen maximaal € 2.000 (€ 2.200 bij biobased); retroactief (1 maart 2023 tot inwerkingtreding) maximaal € 500; quickscan flora en fauna maximaal € 500";2028-10-31;ja;;;2022-01-01;label D/E/F/G | bouwjaar t/m 1982 + min. 2 slechte bouwdelen;;;;;;ja;cvdr;hoog;nee;https://lokaleregelgeving.overheid.nl/CVDR741548/1
Haarlem;Subsidieregeling lokale aanpak isolatie Haarlem;haarlem-cvdr736507;"maximaal 100% van de werkelijke kosten en ten hoogste: voor doelgroep 1 maximaal €7.000,- inclusief BTW; voor doelgroep 2 maximaal €4.000,- inclusief BTW";2027-12-31;ja;596000;<;2023-01-01;label D/E/F/G | min. 2 slechte bouwdelen;;;;bonus;In bezit van een Haarlempas (geeft toegang tot Doelgroep 1);nee;cvdr;hoog;nee;https://lokaleregelgeving.overheid.nl/CVDR736507/2
Haarlemmermeer;Subsidieregeling Lokale Aanpak Isolatie Haarlemmermeer 2024;haarlemmermeer-cvdr734247;"maximaal 75% tot € 1.325 per adres; 100% tot € 5.000 bij inkomen < 130% sociaal minimum; bonus biobased isolatiemateriaal max. € 200";2028-08-31;ja;532000;<=;2023-01-01;label D/E/F/G | min. 2 slechte bouwdelen;;;;bonus;minder dan 130% van het sociaal minimum;ja;cvdr;hoog;nee;https://lokaleregelgeving.overheid.nl/CVDR734247/3
Halderberge;Stimuleringslening Duurzaamheid;halderberge-web-stimuleringslening-duurzaamheid;maximaal € 25.000,- voor woningen;;ja;;;;;;;;;;;web;laag;nee;https://www.halderberge.nl/stimuleringsregeling-duurzaamheid
Hardenberg;Subsidieregeling isolatiemaatregelen particulieren Hardenberg;hardenberg-cvdr714145;100% van de werkelijke kosten tot maximaal € 1.800 per woning;2026-12-31;ja;;;;label D/E/F/G | bouwjaar t/m 1991 + min. 2 slechte bouwdelen;;;;;;nee;cvdr;hoog;nee;https://lokaleregelgeving.overheid.nl/CVDR714145/3
Harderwijk;Subsidieregeling Lokale aanpak isolatie Harderwijk 2025;harderwijk-cvdr740088;"Maximaal € 1.000 voor doe-het-zelf; voor isolatiebedrijf maximaal € 2.500 (WOZ t/m € 300.000) of maximaal € 1.000 (WOZ € 300.001 t/m € 429.300); eventueel biobased bonus van € 250 of € 500.";2027-12-31;ja;429300;<=;2022-01-01;label D/E/F/G | min. 2 slechte bouwdelen;;;;;;nee;cvdr;hoog;nee;https://lokaleregelgeving.overheid.nl/CVDR740088/2
Hardinxveld-Giessendam;Subsidieregeling isolatie koopwoningen in de gemeente Hardinxveld-Giessendam 2026;hardinxveld-giessendam-cvdr759852;€ 3.500;2026-10-31;ja;477000;<=;2022-01-01;label D/E/F/G | label C + bouwjaar t/m 1995 + min. 2 slechte bouwdelen | label geen + min. 2 slechte bouwdelen;;;;;Energietoeslag in 2022 en/of 2023 ontvangen (alleen van toepassing voor doelgroep 1);nee;cvdr;hoog;nee;https://lokaleregelgeving.overheid.nl/CVDR759852/1
Harlingen;Subsidieregeling Lokale Aanpak Isolatie gemeente Harlingen;harlingen-cvdr721426;ten hoogste 100% van de subsidiabele kosten, tot een maximum van € 2.207,50 per aanvraag;2027-08-31;ja;255000;<=;2022-01-01;label D/E/F/G | min. 2 slechte bouwdelen;;;;;;ja;cvdr;hoog;nee;https://lokaleregelgeving.overheid.nl/CVDR721426/2
Hattem;Subsidieregeling lokale isolatieaanpak Hattem 2024;hattem-cvdr714721;maximaal € 1.750,- (WOZ t/m € 255.000,-), € 750,- (WOZ € 255.001,- tot € 429.300,-), of € 4.000,- (bij energietoeslag 2023);2026-10-15;ja;429300;<=;op het moment dat de subsidie wordt aangevraagd;label D/E/F/G | min. 2 slechte bouwdelen;;;;bonus;recht op energietoeslag uit de Participatiewet in 2023;nee;cvdr;hoog;nee;https://lokaleregelgeving.overheid.nl/CVDR714721/2
Heemskerk;Subsidieregeling energiebesparing bestaande woningen Heemskerk 2025;heemskerk-cvdr740525;100% van de daadwerkelijk gemaakte kosten (inclusief btw) tot maximaal € 1.650,- per woning;;ja;477000;<=;2022-01-01;label D/E/F/G | label geen/A/B/C + min. 2 slechte bouwdelen;;;;;;nee;cvdr;middel;nee;https://lokaleregelgeving.overheid.nl/CVDR740525/1
Heemstede;Bijzondere subsidieverordening lokale aanpak isolatie Heemstede 2025;heemstede-cvdr740231;Maximaal € 5.000 per adres (doelgroep A) of maximaal € 1.500 per adres (doelgroep B);2028-06-30;ja;813000;<=;2022-01-01;label D/E/F/G | min. 2 slechte bouwdelen;;;;bonus;energietoeslag hebben ontvangen of gebruik maken van het gemeentelijk minimabeleid;nee;cvdr;hoog;nee;https://lokaleregelgeving.overheid.nl/CVDR740231/2
Heerde;Subsidieregeling Lokale aanpak isolatie Heerde 2025-2028;heerde-cvdr750679;maximaal € 2.000,- subsidie per woning, of maximaal € 6.000,- bij energiearmoede;2028-12-31;ja;493000;<=;2024-01-01;label D/E/F/G | min. 2 slechte bouwdelen;;;;bonus;<130% van de bijstandsnorm of minimatoeslag;ja;cvdr;hoog;nee;https://lokaleregelgeving.overheid.nl/CVDR750679/1
Heerenveen;Subsidieregeling Lokale Aanpak Isolatie gemeente Heerenveen 2024;heerenveen-cvdr719957;ten hoogste 100% van de subsidiabele kosten, tot een maximum van € 2750,- per aanvraag;2027-08-31;ja;355000;<=;2022-01-01;label D/E/F/G | min. 2 slechte bouwdelen;;;;;;ja;cvdr;hoog;nee;https://lokaleregelgeving.overheid.nl/CVDR719957/3
Heerlen;Subsidieregel Lokale Aanpak Isolatie Doe-Het-Zelf gemeente Heerlen 2026;heerlen-cvdr753301;100% van het totale aankoopbedrag aan (isolatie)materialen, maximaal € 4.000,- per woning;2028-10-31;ja;;<;2022-01-01;label D/E/F/G | min. 2 slechte bouwdelen;;1991;;;;nee;cvdr;hoog;nee;https://lokaleregelgeving.overheid.nl/CVDR753301/1
Heerlen;Subsidieregel Lokale Aanpak Isolatie Gemengde Verenigingen gemeente Heerlen 2026;heerlen-cvdr753318;100% van de kosten na aftrek van SVVE-subsidie, maximaal € 4.000 incl. btw per slecht geïsoleerde woning;2027-08-31;ja;477000;<;2022-01-01;label D/E/F/G | min. 2 slechte bouwdelen;;1991;;;;ja;cvdr;hoog;nee;https://lokaleregelgeving.overheid.nl/CVDR753318/1
Heerlen;Subsidieregel Lokale Aanpak Isolatie gemeente Heerlen 2026;heerlen-cvdr753309;Doelgroep A: 100% tot maximaal € 4.000,-. Doelgroep B: 100% tot maximaal € 5.000,- (één maatregel) of € 10.000,- (twee maatregelen);2027-08-31;ja;;<;2022-01-01;label D/E/F/G | min. 2 slechte bouwdelen;;1991;;bonus;Energietoeslag 2023 van de gemeente Heerlen ontvangen;nee;cvdr;hoog;nee;https://lokaleregelgeving.overheid.nl/CVDR753309/1
Heeze-Leende;Subsidieregeling lokale aanpak isolatie Heeze-Leende;heeze-leende-cvdr759397;100% van het factuurbedrag tot maximaal € 1.500,- (€ 1.750,- bij biobased materialen, € 2.000,- bij energietoeslag);2027-12-31;ja;528000;<=;;label D/E/F/G | min. 2 slechte bouwdelen;;;;bonus;Recht op energietoeslag (inkomen op of net boven het sociaal minimum);ja;cvdr;middel;nee;https://lokaleregelgeving.overheid.nl/CVDR759397/1
Heiloo;Subsidieregeling woningisolatie bestaande woningen HEILOO 2025-2030;heiloo-cvdr749223;"NIP: maximaal € 2.000,-; SPUK EA: maximaal € 5.000,-; gecombineerd maximaal € 7.000,- plus eventuele biobased bonus";2030-12-31;ja;586000;<=;2022-01-01, 2023-01-01 of 2024-01-01;label D/E/F/G | label A/B/C/geen + min. 2 slechte bouwdelen;;;;bonus;niet hoger is dan 150% van het sociaal minimum (de toepasselijke bijstandsnorm);nee;cvdr;hoog;nee;https://lokaleregelgeving.overheid.nl/CVDR749223/1
Hellendoorn;Subsidieverordening Woningisolatie Hellendoorn;hellendoorn-cvdr744665;maximaal € 2.000,-- per woning;2028-06-30;ja;477000;<=;2022-01-01;label D/E/F/G | label A/B/C/geen + min. 2 slechte bouwdelen;;1999;;;;nee;cvdr;hoog;nee;https://lokaleregelgeving.overheid.nl/CVDR744665/1
Helmond;Nadere regels isolatiesubsidie koopwoningen 2026 – 2028;helmond-cvdr766186;100% van de kosten, maximaal € 1.800,- per woning (inclusief btw). Extra subsidie van maximaal € 500,- bij gebruik biobased isolatiematerialen.;2028-06-30;ja;477000;<=;2024-01-01;label D/E/F/G + bouwjaar t/m 1992 | bouwjaar t/m 1992 + min. 2 slechte bouwdelen;;1992;;;;nee;cvdr;hoog;nee;https://lokaleregelgeving.overheid.nl/CVDR766186/1
Helmond;Nadere regels isolatiesubsidie voor lage inkomens 2026-2027;helmond-cvdr766165;100% van de subsidiabele kosten tot een maximum van €10.000,- per koopwoning;2027-12-31;ja;477000;<=;2024-01-01;label D/E/F/G + bouwjaar t/m 1992 | bouwjaar t/m 1992 + min. 2 slechte bouwdelen;;1992;;vereist;"lager of gelijk aan 150% van de toepasselijke bijstandsnorm; vermogen gelijk aan of lager dan € 25.000,-";nee;cvdr;hoog;nee;https://lokaleregelgeving.overheid.nl/CVDR766165/1
Hendrik-Ido-Ambacht;Subsidieregeling isolatie koopwoningen in de gemeente Hendrik-Ido-Ambacht;hendrik-ido-ambacht-cvdr758501;Doelgroep 1: maximaal € 3.500,- incl. BTW. Doelgroep 2: maximaal € 1.000,- incl. BTW. Maximaal 100% van de kosten minus te verkrijgen ISDE-subsidie.;2026-10-31;ja;477000;<=;2022-01-01;label D/E/F/G | label C + bouwjaar t/m 1995 + min. 2 slechte bouwdelen | label geen + min. 2 slechte bouwdelen | label C/D/E/F/G/geen;;1995;;bonus;In 2022 en/of 2023 de energietoeslag ontvangen (bepaalt indeling in doelgroep 1 voor hogere subsidie);nee;cvdr;hoog;nee;https://lokaleregelgeving.overheid.nl/CVDR758501/1
Hengelo (O);Laat het isoleren subsidie;hengelo-o-cvdr737498;Maximaal € 2.000 per woning, of € 2.500 per woning bij minimaal 70% biobased isolatiematerialen via de ISDE-meldcodelijst. Nooit meer dan 50% van de gefactureerde kosten.;2026-11-30;ja;429300;<=;2022-01-01;label D/E/F/G | min. 2 slechte bouwdelen;;1991;;;;nee;cvdr;hoog;nee;https://lokaleregelgeving.overheid.nl/CVDR737498/1
Hengelo (O);Regeling “Doe het-zelf subsidie”;hengelo-o-cvdr737493;50% van het totale aankoopbedrag met een maximum van € 1.500,-- per woning;2026-12-01;ja;429300;<=;2022-01-01;label D/E/F/G + bouwjaar t/m 1991 | bouwjaar t/m 1991 + min. 2 slechte bouwdelen;;1991;;;;ja;cvdr;hoog;nee;https://lokaleregelgeving.overheid.nl/CVDR737493/1
Het Hogeland;Subsidieregeling isolatie- en ventilatiemaatregelen gemeente Het Hogeland 2025;het-hogeland-cvdr736837;maximaal € 2.700;2026-12-31;ja;429300;<;2022-01-01;min. 2 slechte bouwdelen;;1993;;;;ja;cvdr;hoog;nee;https://lokaleregelgeving.overheid.nl/CVDR736837/1
Heumen;Subsidieregeling Meerjarenaanpak Isolatie koopwoningen 2025-2027 gemeente Heumen;heumen-cvdr736491;"Maximaal € 1.500 tot € 4.000 afhankelijk van bouwjaar en WOZ-waarde bij uitvoering door een bedrijf; maximaal € 1.000 (of € 1.500 bij bio-based) voor doe-het-zelf";2027-12-31;ja;429300;<=;2022-01-01;label D/E/F/G | min. 2 slechte bouwdelen;;1991;;;;ja;cvdr;middel;nee;https://lokaleregelgeving.overheid.nl/CVDR736491/2
Heusden;Heusdens Isolatie Plan;heusden-cvdr713508;"maximaal € 1.400 per woning; maximaal € 4.000 per woning voor huishoudens met een HeusdenPas";2027-01-01;ja;429300;<=;2022-01-01;label D/E/F/G | label geen;;;;bonus;In het bezit van een HeusdenPas of in schuldhulpverleningstraject;ja;cvdr;hoog;nee;https://lokaleregelgeving.overheid.nl/CVDR713508/1
Heusden;Subsidieregeling lokale aanpak isolatie gemeente Heusden 2024, derde wijziging;heusden-cvdr734650;"Vloer-/zoldervloer- of bodemisolatie: € 600; dakisolatie binnenzijde: € 800; spouwmuur-, gevel- of dakisolatie buitenzijde: € 1.200; HR++ of HR+++ glas: € 1.400; combinatie van 2 of meer maatregelen: € 1.500; extra subsidie HeusdenPas: maximaal € 1.000";2026-12-31;ja;450000;<=;;label D/E/F/G | min. 2 slechte bouwdelen;;;;bonus;;voorwaarde;cvdr;hoog;nee;https://lokaleregelgeving.overheid.nl/CVDR734650/1
Heusden;Subsidieregeling lokale aanpak isolatie gemeente Heusden 2025, vierde wijziging;heusden-cvdr746920;Maximaal € 2.000 per woning. Per maatregel: € 800 (vloer/bodem), € 1.000 (dak binnen), € 1.400 (spouw/gevel/dak buiten), € 1.600 (HR++), € 1.800 (HR+++). Bij 2 of meer maatregelen: € 2.000.;2028-12-31;ja;480000;<=;2024;label D/E/F/G | min. 2 slechte bouwdelen;;;;;;ja;cvdr;hoog;nee;https://lokaleregelgeving.overheid.nl/CVDR746920/1
Heusden;Subsidieregeling verduurzamen bestaande woningen gemeente Heusden 2026;heusden-cvdr761489;Maximaal € 2.000 per woning (€ 800 voor vloer/bodem, € 1.000 voor dak binnen, € 1.400 voor spouw/gevel/dak buiten, € 1.600 voor HR++, € 1.800 voor HR+++, € 2.000 bij combinatie van 2 of meer maatregelen);2028-12-31;ja;480000;<=;2024;label D/E/F/G | min. 2 slechte bouwdelen;;;;;;ja;cvdr;hoog;nee;https://lokaleregelgeving.overheid.nl/CVDR761489/1
Hillegom;Subsidieregeling Energiearmoede Hillegom 2026-2027;hillegom-cvdr755274;maximaal € 1.500, - inclusief BTW per woning, maar nooit meer dan 100% van de factuur;2027-10-31;ja;429300;<;2022-01-01;label D/E/F/G | min. 2 slechte bouwdelen;;;;;;;cvdr;hoog;nee;https://lokaleregelgeving.overheid.nl/CVDR755274/1
Hilvarenbeek;Subsidieregeling Doe-het-zelf Lokale aanpak isolatie gemeente Hilvarenbeek 2026 – 2028;hilvarenbeek-cvdr763500;maximaal 100% van de daadwerkelijk gemaakte kosten tot maximaal € 750,- per woning (extra € 250,- per woning voor biobased isolatie);2028-12-31;ja;525000;<=;2024-01-01;label D/E/F/G | min. 2 slechte bouwdelen;;1992;;;;ja;cvdr;hoog;nee;https://lokaleregelgeving.overheid.nl/CVDR763500/1
Hilvarenbeek;Subsidieregeling lokale aanpak isolatie gemeente Hilvarenbeek 2023 - 2028;hilvarenbeek-cvdr743832;maximaal 100% van de subsidiabele kosten, verminderd met ISDE-subsidie, tot een maximum van € 1.650 per woning (of per appartementsrecht);2028-12-31;ja;525000;<=;2024-01-01;label D/E/F/G | min. 2 slechte bouwdelen;;;;;;ja;cvdr;hoog;nee;https://lokaleregelgeving.overheid.nl/CVDR743832/2
Hilversum;Subsidieregeling Hilversums Isolatie Programma – vierde wijziging;hilversum-cvdr761919;"Maximaal € 1.000 voor enkelvoudige isolatiesubsidie; maximaal € 2.000 per woning voor collectieve isolatiesubsidie (en tot € 4.000 voor VvE)";2028-12-31;ja;597000;<=;2024;label D/E/F/G | min. 2 slechte bouwdelen;;2017;;;;ja;cvdr;hoog;nee;https://lokaleregelgeving.overheid.nl/CVDR761919/1
Hoeksche Waard;Uitvoeringsregels subsidie Woningisolatie gemeente Hoeksche Waard 2026-2028;hoeksche-waard-cvdr763578;"max_per_woning: 1800; bonus_biobased: 200; max_totaal_biobased: 2000; eenheid: € per woning";2028-12-31;ja;429300;<=;2023-01-01;label D/E/F/G + min. 2 slechte bouwdelen;;;;;;ja;cvdr;hoog;nee;https://lokaleregelgeving.overheid.nl/CVDR763578/1
Hof van Twente;Energieklus Isolatieaanpak Hof van Twente;hof-van-twente-web-gemeentelijke-isolatiesubsidie-hof-van-twente-isol;;;ja;429300;<=;2022;min. 2 slechte bouwdelen;;;;;;nee;web;laag;nee;https://energieklus.nl/hofvantwente
Hollands Kroon;Subsidieverordening De Isolatieversneller;hollands-kroon-cvdr739965;"Maximaal € 2.000 per woning (70% vergoeding), te verhogen met max. € 1.000 voor natuurvriendelijk isoleren en max. € 1.000 voor natuuronderzoek; max. € 10.000 bij Meedoen-budget";2028-12-31;ja;;<;2024-01-01;;;;;bonus;;ja;cvdr;hoog;nee;https://lokaleregelgeving.overheid.nl/CVDR739965/2
Hoogeveen;Subsidieregeling Lokale Aanpak Isolatie gemeente Hoogeveen 2025-2028;hoogeveen-cvdr748668;maximaal € 2.160,-, vermeerderd met € 300,- bij biobased isolatiemateriaal;2028-12-31;ja;477000;<;2022-01-01;label D/E/F/G | label A/B/C + min. 2 slechte bouwdelen;;;;;;nee;cvdr;hoog;nee;https://lokaleregelgeving.overheid.nl/CVDR748668/1
Hoorn;Doe-het-zelf kadokaart isolatie;hoorn-web-doe-het-zelf-kadokaart-isolatie;;;;;;;;;;;;;;web;laag;nee;https://duurzaam.hoorn.nl/uitgelicht/kadokaart-van-e750-voor-doe-het-zelver/
Hoorn;Isolatiesubsidie gemeente Hoorn - Duurzaam Bouwloket;hoorn-web-isolatiesubsidie-gemeente-hoorn-duurzaam-bouwloket;€ 1.000;2028-06-30;ja;477000;<=;2021-01-01;label D/E/F/G | min. 2 slechte bouwdelen;;;;;;;web;middel;nee;https://nip.duurzaambouwloket.nl/hoorn
Hoorn;Vergoeding voor isoleren - Gemeente Hoorn;hoorn-web-vergoeding-voor-isoleren-gemeentelijke-isolatiesub;€ 2.500;;ja;300000;<=;2021-01-01;label D/E/F/G | min. 2 slechte bouwdelen;;;;;;;web;middel;nee;https://nip.duurzaambouwloket.nl/hoorn
Horst aan de Maas;Subsidieregeling Lokale Aanpak Isolatie Horst aan de Maas;horst-aan-de-maas-cvdr745550;100% van de subsidiabele kosten, tot maximaal € 1.250,- inclusief btw per woning (of maximaal € 3.000,- bij laag inkomen);2028-07-01;ja;429300;<=;2022-01-01;label D/E/F/G | min. 2 slechte bouwdelen;;;;bonus;150% van het sociaal minimum;nee;cvdr;hoog;nee;https://lokaleregelgeving.overheid.nl/CVDR745550/1
Houten;Subsidieregeling isolatie koopwoningen gemeente Houten 2025;houten-cvdr745551;"Doelgroep 1 maximaal € 4.000,- inclusief BTW; Doelgroep 2 maximaal € 750,- inclusief BTW (maximaal 100% van de kosten minus ISDE)";2028-06-30;ja;570000;<=;2022-01-01;min. 2 slechte bouwdelen;;1994;;bonus;energietoeslag 2022 en/of 2023 ontvangen of gezamenlijk inkomen van maximaal 150% van de toepasselijke bijstandsnorm;nee;cvdr;hoog;nee;https://lokaleregelgeving.overheid.nl/CVDR745551/1
Huizen;Subsidieregeling Lokaal Isolatieprogramma Huizen 2025;huizen-cvdr742904;"categorie_a_max: 3500; categorie_b_max: 1650";2028-06-30;ja;566999;<;2024-01-01;label C/D/E/F/G | label D/E/F/G | min. 1 slechte bouwdelen | min. 2 slechte bouwdelen;;;;bonus;Energietoeslag ontvangen (voor categorie A met verhoogde subsidie);voorwaarde;cvdr;hoog;nee;https://lokaleregelgeving.overheid.nl/CVDR742904/2
Huizen;Subsidieregeling VvE’s Lokaal Isolatieprogramma Huizen 2026;huizen-cvdr755634;maximaal 100% van de subsidiabele kosten per appartement, met een maximum van € 1.650;2028-10-01;nee;567000;<=;2024-01-01;label D/E/F/G | min. 2 slechte bouwdelen;;;;;;ja;cvdr;hoog;nee;https://lokaleregelgeving.overheid.nl/CVDR755634/1
Huizen;Subsidieregeling Woningisolatie Huizen 2024;huizen-cvdr724033;"Maximaal € 1.000,- per woning (max. 40% van de investering), excl. tegemoetkoming legeskosten tot max. € 500,-. Subsidie per m²: gevel € 19,00; spouw € 4,00; dak € 15,00; zolder/vliering € 4,00; vloer € 5,50; bodem € 3,00; HR++ glas € 23,00; triple glas € 65,50.";2026-12-31;ja;;;;;;2019;;;;;cvdr;hoog;nee;https://lokaleregelgeving.overheid.nl/CVDR724033/1
Huizen;Subsidieregeling woningisolatie Huizen 2026-2030;huizen-cvdr752767;maximaal € 1.000,- per woning, nooit meer dan 40% van de investering;2030-10-01;ja;;;;;;;;;;;cvdr;hoog;nee;https://lokaleregelgeving.overheid.nl/CVDR752767/1
Hulst;Beleidsregels subsidie isoleren particuliere woningen gemeente Hulst;hulst-cvdr721815;maximaal € 1850,-;;ja;;<=;de laatste door de gemeente afgegeven WOZ-waarde;label D/E/F/G | min. 2 slechte bouwdelen;;;;;;;cvdr;middel;nee;https://lokaleregelgeving.overheid.nl/CVDR721815/1
Hulst;Subsidieregeling Lokale Aanpak Isolatie gemeente Hulst 2025;hulst-cvdr738537;"Maximaal € 1.850,- per woning (vermeerderd met € 1,- tot € 6,- per m² voor biobased isolatiemateriaal; spouwmuurisolatie minimaal € 1.100,-)";2028-12-31;ja;500000;<=;2022-01-01;label D/E/F/G | min. 2 slechte bouwdelen;;;;;;ja;cvdr;hoog;nee;https://lokaleregelgeving.overheid.nl/CVDR738537/2
IJsselstein;Subsidieregeling isolatie koopwoningen gemeente IJsselstein 2026;ijsselstein-cvdr766660;"maximaal €4.500 inclusief btw voor doelgroep 1; maximaal €1.500 inclusief btw voor doelgroep 2; vermeerderd met maximaal €500,- per woning bij biobased isolatiemateriaal";2028-06-30;ja;497000;<=;2022-01-01;label D/E/F/G | min. 2 slechte bouwdelen;;1994;;bonus;inkomen lager dan 125% van de toepasselijke bijstandsnorm (U-pas) of inkomenstoets maximaal 150% van het sociaal minimum;nee;cvdr;hoog;nee;https://lokaleregelgeving.overheid.nl/CVDR766660/1
Kaag en Braassem;Subsidieregeling Isolatieprogramma Kaag en Braassem 2026-2028;kaag-en-braassem-cvdr762080;"Subsidie A: maximaal € 3.000; Subsidie B: maximaal € 1.115";2028-12-31;ja;530000;<=;2021-01-01;label D/E/F/G | bouwjaar t/m 1992;;2017;;bonus;Energietoeslag in 2022/2023 ontvangen of in 2025/later goedgekeurde aanvraag bij Tijdelijk Noodfonds Energie;ja;cvdr;hoog;nee;https://lokaleregelgeving.overheid.nl/CVDR762080/1
Kampen;Subsidieregeling lokale aanpak isolatie gemeente Kampen 2026;kampen-cvdr765685;100% van de subsidiabele kosten, maximaal € 4.000 (categorie A) of maximaal € 2.200 (categorie B);2028-07-01;ja;398000;<;2022-01-01;label D/E/F/G | min. 2 slechte bouwdelen;;;;bonus;Energietoeslag ontvangen of huishoudinkomen over laatste 3 kalendermaanden gemiddeld maximaal 120% van de toepasselijke bijstandsnorm;ja;cvdr;hoog;nee;https://lokaleregelgeving.overheid.nl/CVDR765685/1
Kapelle;Subsidieregeling Lokale Aanpak Isolatie gemeente Kapelle 2024;kapelle-cvdr736291;€ 1.850;2027-12-31;ja;500000;<=;2022-01-01;label D/E/F/G | min. 2 slechte bouwdelen;;;;;;ja;cvdr;hoog;nee;https://lokaleregelgeving.overheid.nl/CVDR736291/3
Kapelle;Subsidieregeling Lokale Aanpak Isolatie gemeente Kapelle 2025;kapelle-cvdr767100;€1.850,-;2028-12-31;ja;500000;<=;2022-01-01;label D/E/F/G | min. 2 slechte bouwdelen;;;;;;ja;cvdr;hoog;nee;https://lokaleregelgeving.overheid.nl/CVDR767100/1
Katwijk;Subsidieregeling Katwijks Isolatiefonds;katwijk-cvdr701080;40% van de werkelijke kosten, minimaal € 500,- en maximaal € 2500,- per aanvraag;2027-11-12;ja;;;;label D/E/F/G | min. 2 slechte bouwdelen;;;;vereist;gelijk aan of lager dan € 80.000,- (geregistreerd inkomen voorafgaand jaar);voorwaarde;cvdr;hoog;nee;https://lokaleregelgeving.overheid.nl/CVDR701080/7
Katwijk;Subsidieregeling Lokale Aanpak Isolatie Katwijk voor koopwoningen;katwijk-cvdr734523;maximaal 45% van de werkelijke kosten bij uitvoering via erkend bedrijf of 100% van de materiaalkosten bij doe-het-zelf, tot maximaal € 1.440;2028-10-31;ja;507000;<;2022-01-01;label D/E/F/G | min. 2 slechte bouwdelen;;;;;;voorwaarde;cvdr;hoog;nee;https://lokaleregelgeving.overheid.nl/CVDR734523/4
Kerkrade;Subsidieverordening ‘Lokale Aanpak Isolatie Doe-het-zelf Gemeente Kerkrade 2026-2028’;kerkrade-cvdr758099;100% van het totale aankoopbedrag aan (isolatie)materialen met een maximum van €1.300,- inclusief BTW per woning;2028-10-31;ja;;<;2022-01-01;label D/E/F/G | min. 2 slechte bouwdelen;;1991;;;;nee;cvdr;hoog;nee;https://lokaleregelgeving.overheid.nl/CVDR758099/1
Kerkrade;Subsidieverordening ‘Lokale Aanpak Isolatie gemeente Kerkrade 2026-2028';kerkrade-cvdr758100;Doelgroep A: maximaal 70% van de kosten tot € 1.300 (één maatregel) of € 2.300 (twee maatregelen). Doelgroep B: 100% tot € 5.000 (één maatregel) of € 10.000 (twee maatregelen).;2027-08-31;ja;;<;2022-01-01;label D/E/F/G | min. 2 slechte bouwdelen;;1991;;bonus;Energietoeslag 2023 van de gemeente Kerkrade ontvangen;nee;cvdr;hoog;nee;https://lokaleregelgeving.overheid.nl/CVDR758100/1
Krimpen aan den IJssel;Subsidieverordening isolatie koopwoningen Krimpen aan den IJssel 2026;krimpen-aan-den-ijssel-cvdr757449;"Maximaal € 3.000 voor doelgroep 1; maximaal € 1.250 voor doelgroep 2 of doe-het-zelf; maximaal 100% van de werkelijke kosten";2028-06-30;ja;477000;<;2022-01-01;label D/E/F/G | min. 2 slechte bouwdelen;;;;bonus;Niet hoger dan 130% van het sociaal minimum en/of energietoeslag ontvangen in 2022 en/of 2023 (voor doelgroep 1);nee;cvdr;hoog;nee;https://lokaleregelgeving.overheid.nl/CVDR757449/1
Krimpenerwaard;Subsidieregeling Energiezuinig Wonen Krimpenerwaard;krimpenerwaard-cvdr757095;"Maximaal € 4.000 voor doelgroep 1; maximaal € 1.500 voor doelgroepen 2a, 2b en 2c (inclusief btw)";2028-06-30;ja;;;2022-01-01;label D/E/F/G | min. 2 slechte bouwdelen;;;;bonus;"Doelgroep 1: maximaal 130% van de bijstandsnorm of energietoeslag 2022/2023; doelgroep 2c: maximaal het modaal inkomen van 2024 (€ 44.500)";nee;cvdr;hoog;nee;https://lokaleregelgeving.overheid.nl/CVDR757095/1
Laarbeek;Subsidieregeling Lokale Aanpak Isolatie Laarbeek;laarbeek-cvdr764521;100% van de subsidiabele kosten, tot maximaal € 2.000,- (of € 2.500,- bij biobased, € 3.000,- bij energietoeslag 2022, € 3.500,- bij energietoeslag én biobased);2028-12-31;ja;477000;<=;2022-01-01;label D/E/F/G | min. 2 slechte bouwdelen;;1991;;bonus;Ontvangst energietoeslag in 2022 verhoogt het subsidiebedrag.;nee;cvdr;middel;nee;https://lokaleregelgeving.overheid.nl/CVDR764521/1
Land van Cuijk;Regeling Lokale aanpak Woningisolatie Land van Cuijk 2026, 2027, 2028;land-van-cuijk-cvdr766385;Bedrijf: 50% van de kosten, max € 1.000 (1 maatregel), max € 2.000 (2 maatregelen), plus max € 500 biobased bonus en € 500 voor natuurvrij maken. Doe-het-zelf: max € 1.500, plus max € 500 biobased bonus.;2028-12-31;ja;477000;<;2025-01-01;label D/E/F/G | min. 2 slechte bouwdelen;;1992;;;;voorwaarde;cvdr;hoog;nee;https://lokaleregelgeving.overheid.nl/CVDR766385/1
Land van Cuijk;Regeling Subsidie Lokaal Isolatieproject Land van Cuijk 2024-2025;land-van-cuijk-cvdr724351;maximaal € 6.000,-;;ja;429300;<;2023-01-01;label D/E/F/G | label geen + min. 2 slechte bouwdelen | label C + min. 2 slechte bouwdelen;;1991;;vereist;Energietoeslag toegekend in 2022, 2023 en/of 2024, of vastgestelde financiële krapte/Laag Residueel Inkomen met een energiequote van minstens 8%;nee;cvdr;middel;nee;https://lokaleregelgeving.overheid.nl/CVDR724351/1
Land van Cuijk;Regeling Subsidie Lokaal Isolatieproject Land van Cuijk 2026-2027;land-van-cuijk-cvdr764855;€ 4.000;;ja;429300;<=;2023-01-01;label D/E/F/G | label geen + min. 2 slechte bouwdelen | label C + min. 2 slechte bouwdelen;;1992;;vereist;Verzamelinkomen lager dan 200% van het sociaal minimum (per 1 januari 2026: € 27.641,01 voor alleenstaanden vanaf 21 jaar, € 59.470,85 voor gehuwden/gelijkgesteld vanaf 18 jaar).;voorwaarde;cvdr;middel;nee;https://lokaleregelgeving.overheid.nl/CVDR764855/1
Landgraaf;Isolatieproject Parkstad;landgraaf-web-isolatieproject-parkstad-subsidie-lokale-aanpak-is;Maximaal € 1.300 bij 1 bouwdeel (of doe-het-zelf) en tot € 2.300 bij 2 bouwdelen;;ja;289000;<;2022-01-01;min. 2 slechte bouwdelen;;1991;;;;;web;laag;nee;https://www.landgraaf.nl/isolatieproject-parkstad
Landsmeer;Subsidieregeling Lokale Aanpak Isolatie Landsmeer 2025-2028;landsmeer-cvdr756770;"100% van de daadwerkelijk gemaakte kosten (inclusief btw) tot maximaal €1.850 per woning; verhoging met €2.150 tot maximaal €4.000 voor lage inkomens";2028-06-30;ja;666000;<;2024-01-01;label D/E/F/G | label A/B/C/geen + min. 2 slechte bouwdelen;;;;bonus;maximaal 150% van het sociaal minimum op jaarbasis;nee;cvdr;hoog;nee;https://lokaleregelgeving.overheid.nl/CVDR756770/1
Lansingerland;Subsidieverordening isolatie gemeente Lansingerland 2025-2027;lansingerland-cvdr737478;"maximaal 50% van materiaalkosten en/of arbeidskosten; maximaal € 1.500,- inclusief btw voor 1 isolerende maatregel; maximaal € 2.000,- inclusief btw voor twee of meer maatregelen of in combinatie met ventilatie";2027-03-15;ja;;;;label D/E/F/G | min. 2 slechte bouwdelen;;1991;;;;ja;cvdr;hoog;nee;https://lokaleregelgeving.overheid.nl/CVDR737478/1
Laren;Isolatieactie Gemeente Laren;laren-web-isolatieactie-laren;tot € 2.000;;ja;1300000;<=;;;;;;;;;web;laag;nee;https://www.laren.nl/meld-u-aan-voor-de-isolatieactie
Leeuwarden;Subsidieregeling Verduurzaming woningen eigenaar-bewoners Leeuwarden Oost;leeuwarden-cvdr741404;100%;2030-06-30;ja;170000;<=;2020-01-01;label C/D/E/F/G/geen;;;;;;nee;cvdr;hoog;nee;https://lokaleregelgeving.overheid.nl/CVDR741404/3
Leeuwarden;Subsidieregeling energiebesparende woningmaatregelen gemeente Leeuwarden;leeuwarden-cvdr698992;maximaal € 2.500 per aanvrager;2027-12-30;ja;268000;<=;2022-01-01;label D/E/F/G | min. 2 slechte bouwdelen;;;;vereist;maximaal € 48.625 bruto per huishouden;;cvdr;hoog;nee;https://lokaleregelgeving.overheid.nl/CVDR698992/6
Leeuwarden;Subsidieregeling isolatie eigen woning gemeente Leeuwarden;leeuwarden-cvdr720513;"Maximaal € 2.150 per woning (niet-monument) of € 2.500 voor een monument; +10% tot maximaal € 200 bij biobased isolatiemateriaal";2028-12-31;ja;350000;<=;2022-01-01;label D/E/F/G | min. 2 slechte bouwdelen;;;;;;ja;cvdr;hoog;nee;https://lokaleregelgeving.overheid.nl/CVDR720513/5
Leiden;Subsidieregeling Isolatiemaatregelen Eengezinswoningen Leiden 2023-2028;leiden-cvdr760507;"Maximaal € 1.500,- (doelgroep B) of € 4.000,- (doelgroep A); bij minimaal één biobased maatregel extra € 250,- (maximaal respectievelijk € 1.750,- of € 4.250,-)";2028-12-31;ja;522000;<=;2024;label D/E/F/G | min. 2 slechte bouwdelen;;;;bonus;Tot 150% van het sociaal minimum voor doelgroep A (ontvangt hogere subsidie en geen WOZ-grens);nee;cvdr;hoog;nee;https://lokaleregelgeving.overheid.nl/CVDR760507/1
Leiderdorp;Subsidieregeling Lokale Aanpak Isolatie Leiderdorp 2026;leiderdorp-cvdr753476;100% van de werkelijke kosten tot maximaal €1.500 per woning (of maximaal €3.000 bij energietoeslag);2026-12-31;ja;489000;<=;2022-01-01;label D/E/F/G | bouwjaar t/m 1991 + min. 2 slechte bouwdelen;;1991;;bonus;huishouden dat energietoeslag heeft ontvangen;nee;cvdr;hoog;nee;https://lokaleregelgeving.overheid.nl/CVDR753476/1
Leidschendam-Voorburg;Specifieke nadere regels subsidieverstrekking Doe-het-zelf Leidschendam-Voorburg 2025;leidschendam-voorburg-cvdr743374;"€ 500,- voor niet biobased materialen; € 1.000,- voor biobased materialen";2029-12-31;ja;;;;min. 2 slechte bouwdelen;;2018;;;;nee;cvdr;hoog;nee;https://lokaleregelgeving.overheid.nl/CVDR743374/1
Leidschendam-Voorburg;Specifieke nadere regels subsidieverstrekking Lokale Aanpak Isolatie Leidschendam-Voorburg 2025;leidschendam-voorburg-cvdr742862;Maximaal € 2.000,- per woning, met vaste bedragen per m² afhankelijk van biobased of niet-biobased materiaal;2029-12-31;ja;;;;label D/E/F/G | min. 2 slechte bouwdelen;;;;;;ja;cvdr;hoog;nee;https://lokaleregelgeving.overheid.nl/CVDR742862/1
Leidschendam-Voorburg;Specifieke nadere regels subsidieverstrekking Specifieke Uitkering Doe-het-zelf Leidschendam-Voorburg 2025;leidschendam-voorburg-cvdr743375;€ 750,- per woning voor niet-biobased materialen of € 1.250,- per woning voor biobased materialen;2029-12-31;ja;;;;label D/E/F/G | min. 2 slechte bouwdelen;;;;;;nee;cvdr;hoog;nee;https://lokaleregelgeving.overheid.nl/CVDR743375/1
Lelystad;Subsidieregeling Doe-het-zelf-isolatie;lelystad-cvdr763475;100% van de kosten, maximaal € 1.000 (of € 1.250 indien uitsluitend gebruik is gemaakt van biobased materiaal);2028-10-30;ja;477000;<;2024-01-01;label D/E/F/G | min. 2 slechte bouwdelen;;;;;;ja;cvdr;hoog;nee;https://lokaleregelgeving.overheid.nl/CVDR763475/1
Lelystad;Subsidieregeling Laat-het-doen-isolatie;lelystad-cvdr763395;80%;2028-10-30;ja;477000;<;2024-01-01;label D/E/F/G | min. 2 slechte bouwdelen;;;;;;ja;cvdr;hoog;nee;https://lokaleregelgeving.overheid.nl/CVDR763395/1
Leudal;Subsidieregeling Leudal Helpt isoleren Doe Het Zelf;leudal-cvdr742182;"100% van de subsidiabele kosten tot maximaal € 1.500,- (plus max. € 500,- bij biobased en max. € 1.000,- bij laag inkomen); minimaal € 250,-";2028-09-01;ja;477000;<;2022-01-01;label D/E/F/G | min. 2 slechte bouwdelen;;;;bonus;netto verzamelinkomen van het huishouden onder 150% van de bijstandsnorm;nee;cvdr;hoog;nee;https://lokaleregelgeving.overheid.nl/CVDR742182/2
Leudal;Subsidieregeling Lokale Aanpak Isolatie Leudal;leudal-cvdr745509;100% van de subsidiabele kosten, tot maximaal € 1.000,- incl. btw per woning (tot maximaal € 3.000,- bij een inkomen lager dan 150% van de bijstandsnorm);2028-07-01;ja;429300;<=;2022-01-01;label D/E/F/G | min. 2 slechte bouwdelen;;;;bonus;lager dan 150% van de bijstandsnorm voor verhoogde subsidie;nee;cvdr;hoog;nee;https://lokaleregelgeving.overheid.nl/CVDR745509/1
Leusden;Subsidieregeling isolatie koopwoningen gemeente Leusden;leusden-cvdr766904;maximaal € 4.000,- (doelgroep 1) of maximaal € 1.500,- (doelgroep 2), vermeerderd met maximaal € 500,- voor biobased isolatiemateriaal;2028-06-30;ja;513000;<=;2022-01-01;label D/E/F/G | min. 2 slechte bouwdelen;;1994;;bonus;maximaal 150% van het voor aanvrager geldende sociaal minimum (voor Doelgroep 1);nee;cvdr;hoog;nee;https://lokaleregelgeving.overheid.nl/CVDR766904/1
Lingewaard;Subsidieregeling Lokale aanpak isolatie Lingewaard 2025-2;lingewaard-cvdr743837;100% van het factuurbedrag tot maximaal € 1.000 (doe-het-zelf zonder biobased), € 1.250 (collectief, regel-het-zelf, doe-het-zelf met biobased), of € 3.250 bij risico op energiearmoede;2027-06-30;ja;390000;<;;label D/E/F/G | min. 2 slechte bouwdelen;;;;bonus;;;cvdr;middel;nee;https://lokaleregelgeving.overheid.nl/CVDR743837/1
Lisse;Subsidieregeling Energiearmoede Lisse 2026-2027;lisse-cvdr755278;maximaal € 1.500,- inclusief BTW per woning, maar nooit meer dan 100% van de factuur;2027-10-31;ja;429300;<;2022-01-01;label D/E/F/G | min. 2 slechte bouwdelen;;;;;;;cvdr;hoog;nee;https://lokaleregelgeving.overheid.nl/CVDR755278/1
Lisse;Subsidieregeling Lokale Aanpak Isolatie Lisse 2024;lisse-cvdr734409;maximaal €1.500 inclusief BTW per woning, maar nooit meer dan 100% van de factuur;2028-10-31;ja;477000;<;2022-01-01;label D/E/F/G | min. 2 slechte bouwdelen;;;;;;ja;cvdr;hoog;nee;https://lokaleregelgeving.overheid.nl/CVDR734409/3
Lochem;Subsidieregeling Woningisolatie 2025;lochem-cvdr743064;"20% van de subsidiabele kosten tot maximaal € 5.000 (of 50% tot maximaal € 5.000 bij een verzamelinkomen tot € 60.000); € 750 voor financieel advies";2028-11-01;ja;539000;<=;2024-01-01;label D/E/F/G | min. 2 slechte bouwdelen;;;;bonus;€ 60.000;voorwaarde;cvdr;hoog;nee;https://lokaleregelgeving.overheid.nl/CVDR743064/1
Lochem;Subsidieregeling raadsbudget isolatie koopwoningen bij energiearmoede;lochem-cvdr702618;20% van de subsidiabele kosten en ten hoogste € 2.500,--;2026-12-31;ja;432000;<=;2022;label D/E/F/G | min. 2 slechte bouwdelen;;1994;;vereist;gezamenlijk inkomen lager dan 130% van het sociaal minimum, gebruik van bijzondere bijstand of in 2023 recht op energietoeslag;ja;cvdr;hoog;nee;https://lokaleregelgeving.overheid.nl/CVDR702618/1
Loon op Zand;Subsidieregeling nationaal isolatieprogramma 2023-2026 Loon op Zand;loon-op-zand-cvdr735554;"maximaal € 1.500,00 per woning (tot 100% van de werkelijk gemaakte kosten); maximaal € 1.900,- bij recht op bijstand of Samen Loont Pas";2026-12-31;ja;429300;<=;2022-01-01;label D/E/F/G | min. 2 slechte bouwdelen;;;;bonus;Recht op bijstand óf in bezit zijn van (of recht hebben op) de Samen Loont Pas van gemeente Loon op Zand;nee;cvdr;hoog;nee;https://lokaleregelgeving.overheid.nl/CVDR735554/1
Losser;Subsidieregeling Doe-het-zelf aanpak isolatie gemeente Losser;losser-cvdr735377;maximaal €1.500 voor conventionele isolatiematerialen en maximaal €2.000 voor natuurlijk (biobased) isolatiemateriaal;2026-12-31;ja;429300;<;2022-01-01;label D/E/F/G | min. 2 slechte bouwdelen;;;;;;nee;cvdr;hoog;nee;https://lokaleregelgeving.overheid.nl/CVDR735377/2
Maasgouw;Subsidieregeling Lokale Aanpak Isolatie gemeente Maasgouw;maasgouw-cvdr745615;100% van de subsidiabele kosten tot maximaal € 1.750,- per woning;2028-07-01;ja;429300;<=;2022-01-01;label D/E/F/G | min. 2 slechte bouwdelen;;;;;;nee;cvdr;hoog;nee;https://lokaleregelgeving.overheid.nl/CVDR745615/1
Maashorst;Subsidieregeling lokale aanpak isolatie Maashorst 2026;maashorst-cvdr757349;100% van de subsidiabele kosten, maximaal € 1.250,- incl. btw per woning (of maximaal € 6.000,- bij inkomen < 130% van het sociaal minimum);2029-12-31;ja;477000;<=;2024-01-01;label D/E/F/G | min. 2 slechte bouwdelen;;;;bonus;minder dan 130% van het sociaal minimum (bruto jaarinkomen van alle bewoners van 18 jaar of ouder);nee;cvdr;hoog;nee;https://lokaleregelgeving.overheid.nl/CVDR757349/2
Maassluis;Subsidieregeling Isolatieaanpak Maassluis 2024-2028;maassluis-cvdr761900;max. € 2.800;2028-12-31;ja;330000;<=;2023-01-01;label D/E/F/G | label geen + bouwjaar t/m 1992 + min. 2 slechte bouwdelen;;;;;;ja;cvdr;hoog;nee;https://lokaleregelgeving.overheid.nl/CVDR761900/1
Maastricht;Beleidsregels Isolatieproject Energiearmoede Maastricht 2025–2027;maastricht-cvdr744038;één volledig vergoede isolatiemaatregel per woning;2027-12-31;ja;;;;label C/D/E/F/G | min. 1 slechte bouwdelen;;;;vereist;niet hoger dan 150% van het toepasselijke sociaal minimum zoals vastgesteld door het UWV (Toeslagenwet), inclusief 8% vakantiegeld;voorwaarde;cvdr;hoog;nee;https://lokaleregelgeving.overheid.nl/CVDR744038/1
Maastricht;Beleidsregels Isolatieproject Energiearmoede Maastricht 2025–2028;maastricht-cvdr764216;100% vergoeding voor één maatregel (of twee maatregelen indien totale kosten samen maximaal € 5.000 inclusief btw bedragen);2028-12-31;ja;;;;label C/D/E/F/G | min. 1 slechte bouwdelen;;;;vereist;maximaal 200% van het toepasselijke sociaal minimum zoals vastgesteld door het UWV (Toeslagenwet), inclusief 8% vakantiegeld (bruto jaarbedrag);nee;cvdr;hoog;nee;https://lokaleregelgeving.overheid.nl/CVDR764216/1
Maastricht;Subsidieregeling isolatiemaatregelen VvE/GVvE gemeente Maastricht 2025;maastricht-cvdr744806;90%;2028-11-06;ja;477000;<=;2024-01-01;min. 2 slechte bouwdelen;;;;;;voorwaarde;cvdr;hoog;nee;https://lokaleregelgeving.overheid.nl/CVDR744806/1
Maastricht;Subsidieregeling isolatiemaatregelen gemeente Maastricht 2026;maastricht-cvdr755896;Maximaal 90% van de offertekosten, maximaal € 1.500,- voor één isolatiemaatregel, verhoogd met € 500,- per geval voor biobased materiaal, een 2e maatregel of gemeentelijke monumentenstatus;2028-10-31;ja;477000;<=;2024;label D/E/F/G | min. 2 slechte bouwdelen;;;;;;voorwaarde;cvdr;hoog;nee;https://lokaleregelgeving.overheid.nl/CVDR755896/1
Medemblik;Subsidie Lokale Aanpak Isolatie Medemblik;medemblik-cvdr764600;maximaal 100% van de subsidiabele kosten tot maximaal € 3.000 inclusief BTW (bij energietoeslag of WOZ t/m € 273.000) of tot maximaal € 1.500 inclusief BTW (bij WOZ tussen € 273.000 en € 390.000);2028-06-30;ja;390000;<=;2022-01-01;label D/E/F/G | min. 2 slechte bouwdelen;;;;bonus;energietoeslaggerechtigden (artikel 35, lid 4 van de Participatiewet);nee;cvdr;hoog;nee;https://lokaleregelgeving.overheid.nl/CVDR764600/1
Meppel;Duurzaamheidslening;meppel-web-duurzaamheidslening-gemeente-meppel;tussen de € 2.500,- en € 25.000,-;;;;;;;;;;;;;web;laag;nee;https://www.meppel.nl/duurzaamheidslening
Meppel;Gemeentelijke subsidie energiebesparende isolatiemaatregelen;meppel-web-gemeentelijke-subsidie-energiebesparende-isolatiem;;;;;;;;;;;;;;web;laag;nee;https://duurzaam.meppel.nl/gemeentelijke-subsidie-energiebesparende-isolatiemaatregelen/
Middelburg;Subsidieregeling Lokale Aanpak Isolatie gemeente Middelburg 2026;middelburg-cvdr767189;;2028-12-31;ja;500000;<=;2022-01-01;label D/E/F/G | min. 2 slechte bouwdelen;;;;;;ja;cvdr;middel;nee;https://lokaleregelgeving.overheid.nl/CVDR767189/1
Middelburg;VERORDENING STIMULERINGSLENING DUURZAME (PARTICULIERE) WONINGVERBETERING;middelburg-cvdr336821;;;ja;170000;<;;;;1969;;;;;cvdr;middel;nee;https://lokaleregelgeving.overheid.nl/CVDR336821/1
Middelburg;Zeeuws Isolatieprogramma Middelburg;middelburg-web-zeeuws-isolatieprogramma-middelburg;€ 2.050;2050-01-01;ja;500000;<;;label D/E/F/G | min. 2 slechte bouwdelen;;;;;;;web;middel;nee;https://www.middelburg.nl/subsidieregeling-zeeuws-isolatieprogramma-zip
Midden-Delfland;Subsidieregeling lokale aanpak isolatie Midden-Delfland;midden-delfland-cvdr714807;"max_totaal: 2000; max_bonus: 4500; omschrijving: Vakspecialist: € 1.000 bij 1 maatregel, € 2.000 bij 2 of meer maatregelen (€ 4.500 voor doelgroep energiearmoede). Doe-het-zelf: max € 1.000 incl. btw (stapelbaar op vakspecialist route tot max € 2.000 totaal per woning).";2026-12-31;ja;429300;<;2022-01-01;label D/E/F/G | min. 2 slechte bouwdelen;;1991;;bonus;Recht op energietoeslag (in 2022) of schuldhulpverlening voor verhoogde subsidie.;ja;cvdr;hoog;nee;https://lokaleregelgeving.overheid.nl/CVDR714807/1
Midden-Drenthe;Subsidie voor isoleren eigen huis;midden-drenthe-web-subsidie-voor-isoleren-eigen-huis;maximaal € 2.500;2026-12-31;ja;;;;;;;;vereist;maximaal € 40.424;;web;laag;nee;https://www.middendrenthe.nl/duurzaam-midden-drenthe/hulp-bij-energie-besparen/subsidie-voor-isoleren-eigen-huis
Midden-Groningen;Nadere regels subsidie verduurzamende maatregelen Hoogezand gemeente Midden-Groningen 2024;midden-groningen-cvdr723092;maximaal 50% tot € 20.000 (> 140% sociaal minimum) of 100% tot € 40.000 (<= 140% sociaal minimum), eventueel aangevuld met maximaal € 7.500;2031-01-01;ja;170000;<=;2021-01-01;label C/D/E/F/G;;1991;;bonus;140% van het sociaal minimum;nee;cvdr;hoog;nee;https://lokaleregelgeving.overheid.nl/CVDR723092/1
Moerdijk;Subsidieregeling isolatie eigen woningen gemeente Moerdijk;moerdijk-cvdr724764;Maximaal € 1.000 (bij WOZ vanaf € 401.000), maximaal € 2.000 (bij WOZ onder € 401.000, max € 1.000 per maatregel), of maximaal € 4.000 voor doelgroep schuldhulpverlening/energietoeslag (max € 2.000 per maatregel). Bonus € 250 bij biobased. Maximaal 70% van de subsidiabele kosten bij professionele uitvoering.;2028-12-31;ja;477000;<=;2024-01-01;label D/E/F/G | min. 2 slechte bouwdelen;;1992;;bonus;Schuldhulpverlening van de gemeente en/of in 2023 recht op energietoeslag geeft recht op een verhoogd subsidiebedrag.;nee;cvdr;hoog;nee;https://lokaleregelgeving.overheid.nl/CVDR724764/5
Molenlanden;Tijdelijke Subsidieregeling Lokaal Aanpak Isolatie 2025-2028;molenlanden-cvdr755305;"Maximaal € 1.400,- (of € 1.600,- biobased) bij laten uitvoeren; maximaal € 3.800,- (of € 4.000,- biobased) bij laag inkomen/schuldsanering; maximaal € 750,- (of € 950,- biobased) bij doe-het-zelf";2027-12-31;ja;429300;<;2022-01-01;label D/E/F/G | min. 2 slechte bouwdelen;;;;bonus;maximaal verzamelinkomen van € 39.561,- voor samenwonenden of € 30.529,50 voor alleenstaanden (max. 130% sociaal minimum), of toelating tot een schuldsaneringstraject (Wsnp of Msnp);nee;cvdr;middel;nee;https://lokaleregelgeving.overheid.nl/CVDR755305/1
Montferland;Isolatiesubsidie Laag Inkomen Achterhoek;montferland-cvdr757416;maximaal € 5.000,- inclusief btw per woning;2027-09-30;ja;;;;;;1999;;vereist;Niet hoger dan bruto modaal inkomen inclusief vakantiegeld (voor 2026: € 46.500,-);;cvdr;hoog;nee;https://lokaleregelgeving.overheid.nl/CVDR757416/1
Montferland;Subsidieregeling Isolatie Subsidie Achterhoek (ISA) – Montferland 2025;montferland-cvdr743655;maximaal € 2.000;2027-09-30;ja;477000;<=;2024-01-01;label D/E/F/G | min. 2 slechte bouwdelen;;;;;;;cvdr;hoog;nee;https://lokaleregelgeving.overheid.nl/CVDR743655/1
Montfoort;Subsidieregeling isolatie koopwoningen gemeente Montfoort 2026;montfoort-cvdr763132;"Doelgroep 1: maximaal € 5.000; Doelgroep 2: maximaal € 1.500; vermeerderd met maximaal € 500 bij biobased isolatiemateriaal";2028-06-30;ja;501000;<=;2022-01-01;label D/E/F/G | min. 2 slechte bouwdelen;;1994;;bonus;maximaal 150% van het sociaal minimum;nee;cvdr;hoog;nee;https://lokaleregelgeving.overheid.nl/CVDR763132/1
Mook en Middelaar;Subsidieregeling Lokale Aanpak Isolatie voor particuliere woningeigenaren in de gemeente Mook en Middelaar;mook-en-middelaar-cvdr746080;100% van de subsidiabele kosten, tot maximaal € 1.250,- inclusief btw per woning;2028-07-01;ja;429300;<=;2022-01-01;label D/E/F/G | min. 2 slechte bouwdelen;;;;;;nee;cvdr;hoog;nee;https://lokaleregelgeving.overheid.nl/CVDR746080/1
Neder-Betuwe;NIP-subsidie (Nationaal Isolatieplan) gemeente Neder-Betuwe;neder-betuwe-web-nip-subsidie-gemeente-neder-betuwe;maximaal € 1555,- per woning;2026-12-31;ja;;;;label D/E/F/G | label C + min. 2 slechte bouwdelen | label geen + min. 2 slechte bouwdelen;;;;;;;web;laag;nee;https://www.samendetoekomst.nl/nip-subsidie-nationaal-isolatieplan-gemeente-neder-betuwe/
Neder-Betuwe;Neder-Betuwe subsidie Verduurzamen Koopwoningen;neder-betuwe-web-neder-betuwe-subsidie-verduurzamen-koopwoningen;Tot € 1.500,- (bij WOZ-waarde ≤ € 429.300,-) of tot € 750,- (bij WOZ-waarde ≥ € 429.301,-);2029-12-31;ja;;;2022-01-01;;;;;;;ja;web;laag;nee;https://www.samendetoekomst.nl/neder-betuwe-subsidie-verduurzamen-koopwoningen/
Nieuwegein;Subsidieregeling isolatie Verenigingen van Eigenaars Nieuwegein 2026;nieuwegein-cvdr753521;maximaal € 1.750 inclusief btw per appartement (verhoogd met maximaal € 750 bij biobased) en maximaal € 125.000 per VvE;2028-07-01;ja;477000;<=;2022-01-01;min. 2 slechte bouwdelen;;;;;;ja;cvdr;hoog;nee;https://lokaleregelgeving.overheid.nl/CVDR753521/1
Nieuwegein;Voucherregeling isolatiemaatregelen particulieren Nieuwegein 2024;nieuwegein-cvdr723766;Doelgroep 1: maximaal € 22.000 inclusief BTW (voor 4 maatregelen). Doelgroep 2: maximaal € 1.750 inclusief BTW voor 1e maatregel, max. € 2.250 inclusief BTW voor 2e maatregel (incl. provinciale cofinanciering). Biobased bonus: maximaal € 500 per maatregel. Maximaal 100% van de kosten.;2028-06-30;ja;477000;<=;2022-01-01;label D/E/F/G | min. 2 slechte bouwdelen;;1994;;bonus;Maximaal 150% van het sociaal minimum, energietoeslag 2022 en/of 2023 ontvangen, of Stadspashouder (voor doelgroep 1).;nee;cvdr;hoog;nee;https://lokaleregelgeving.overheid.nl/CVDR723766/6
Nieuwkoop;Subsidieverordening energiebesparingsfonds gemeente Nieuwkoop, tweede wijziging;nieuwkoop-cvdr701747;Maximaal 40% van de kosten tot een maximum van € 2.500 per woning;;ja;421000;<;2022-01-01;;;1991;;;;ja;cvdr;middel;nee;https://lokaleregelgeving.overheid.nl/CVDR701747/3
Nijkerk;Subsidieregeling Lokale isolatieaanpak voor woningen gemeente Nijkerk 2025-2028;nijkerk-cvdr735151;100% van het factuurbedrag tot maximaal € 1.800 inclusief BTW per woning (of tot maximaal € 5.000 voor specifieke inkomens-/doelgroepen);2028-12-31;ja;;<=;2024-01-01;label D/E/F/G | min. 2 slechte bouwdelen;;;;bonus;Recht op energietoeslag 2023, schuldhulpverlening, schuldsaneringsregeling (WSNP) of bijzondere bijstand;ja;cvdr;middel;nee;https://lokaleregelgeving.overheid.nl/CVDR735151/3
Nijmegen;Beleidsregels subsidie klimaataanpak eigen woningen 2015;nijmegen-cvdr450244;een derde van de subsidiabele kosten tot maximaal € 500,- per woning (of maximaal € 750,- per woning bij gezamenlijke aanvraag voor minimaal 6 woningen);;ja;;;;;;1979;;;;;cvdr;middel;nee;https://lokaleregelgeving.overheid.nl/CVDR450244/1
Nijmegen;Subsidieregeling Isoleren Woningen – Grondgebonden Koopwoningen Nijmegen;nijmegen-cvdr751120;Maximaal € 3.000 tot € 7.000 afhankelijk van inkomen, WOZ-waarde en regulier of biobased materiaal, tot maximaal 90% van de kosten. Extra € 2.000 voor achterstallig onderhoud bij inkomen tot 160% sociaal minimum.;2029-12-31;ja;429300;<=;2023-01-01;min. 2 slechte bouwdelen;;1992;;bonus;Tot 130% of tot 160% van het sociaal minimum geeft recht op een hogere subsidie en/of ruimere WOZ-grens.;nee;cvdr;hoog;nee;https://lokaleregelgeving.overheid.nl/CVDR751120/2
Nijmegen;Subsidieregeling Isoleren Woningen – HR++(+) glas voor individuele VvE-leden Nijmegen;nijmegen-cvdr766540;Maximaal € 1.000,00 inclusief btw en maximaal 90% van de daadwerkelijk gemaakte kosten (eenmalig per adres);2029-12-31;ja;429300;<=;2023-01-01;min. 2 slechte bouwdelen;;1992;;;;ja;cvdr;hoog;nee;https://lokaleregelgeving.overheid.nl/CVDR766540/1
Nijmegen;Subsidieregeling doe-het-zelf isolatie maatregelen woningen Nijmegen;nijmegen-cvdr751119;"maximum: 1000; eenheid: €; opmerkingen: Voor de aanschaf van bio-based isolatiemateriaal is de subsidie maximaal € 1.500 inclusief btw.";2029-12-31;ja;;;;min. 2 slechte bouwdelen;;1992;;;;nee;cvdr;hoog;nee;https://lokaleregelgeving.overheid.nl/CVDR751119/2
Nissewaard;Tijdelijke subsidieregeling Lokale Aanpak Isolatie Nissewaard 2026-2028;nissewaard-cvdr758877;Maximaal € 1.250 (100% van de kosten van één maatregel), of maximaal € 3.000 bij toekenning energietoeslag;2028-06-30;ja;477000;<;2022-01-01;label D/E/F/G | min. 2 slechte bouwdelen;;;;bonus;Ontvangers van de eenmalige energietoeslag van de gemeente Nissewaard;nee;cvdr;hoog;nee;https://lokaleregelgeving.overheid.nl/CVDR758877/1
Noardeast-Fryslân;Subsidieregeling Lokale Aanpak Isolatie gemeente Noardeast-Fryslân;noardeast-frysl-n-cvdr719880;100%;2027-08-31;ja;;<=;2022-01-01;label D/E/F/G | min. 2 slechte bouwdelen;;;;;;ja;cvdr;hoog;nee;https://lokaleregelgeving.overheid.nl/CVDR719880/3
Noord-Beveland;Subsidieregeling Lokale Aanpak Isolatie gemeente Noord-Beveland 2025;noord-beveland-cvdr737016;Maximaal € 2.050 per woning (met specifieke m²-bedragen voor bodem- en spouwmuurisolatie, en biobased toeslagen);2027-12-31;ja;500000;<=;2022-01-01;label D/E/F/G | min. 2 slechte bouwdelen;;;;;;ja;cvdr;hoog;nee;https://lokaleregelgeving.overheid.nl/CVDR737016/2
Noordoostpolder;Subsidieregeling Lokale Aanpak Isolatie gemeente Noordoostpolder, ‘Mee(r)doen met isoleren' 2e tranche;noordoostpolder-cvdr766351;maximaal €1.850,- per woning (€1.850,- via Open House of declaratieroute, maximaal €1.200,- voor doe-het-zelf);2027-10-31;ja;477000;<;2022-01-01;label D/E/F/G | min. 2 slechte bouwdelen;;;;;;;cvdr;hoog;nee;https://lokaleregelgeving.overheid.nl/CVDR766351/1
Noordwijk;Subsidieregeling Lokale Aanpak Isolatie Noordwijk;noordwijk-cvdr720466;maximaal € 1.857,90 per aanvraag (nooit hoger dan de werkelijke kosten);2028-12-31;ja;;<;2024;label D/E/F/G | min. 2 slechte bouwdelen;;;;;;ja;cvdr;hoog;nee;https://lokaleregelgeving.overheid.nl/CVDR720466/4
Nuenen, Gerwen en Nederwetten;Stimuleringsleningen;nuenen-gerwen-en-nederwetten-web-stimuleringslening-gemeente-nuenen;;;ja;;;;;;;;;;;web;laag;nee;https://www.nuenen.nl/stimuleringsleningen
Nunspeet;Subsidieregeling Lokale aanpak isolatie Nunspeet;nunspeet-cvdr725005;maximaal € 1.790,- per woning (maximaal € 750,- bij doe-het-zelf/kadokaart);2026-12-31;ja;;<;op het moment van de aanvraag meest recent vastgestelde waarde;label D/E/F/G | min. 2 slechte bouwdelen;;;;;;nee;cvdr;hoog;nee;https://lokaleregelgeving.overheid.nl/CVDR725005/2
Oegstgeest;Subsidieregeling Isolerende Maatregelen (SIM) Grondgebonden Woningen Oegstgeest;oegstgeest-cvdr763018;"maximaal € 1.300 voor reguliere doelgroep; maximaal € 4.000 voor energietoeslaggerechtigden";2027-06-30;ja;649000;<;2024-01-01;label D/E/F/G | min. 2 slechte bouwdelen;;1991;;bonus;energietoeslag ontvangen in de jaren 2022, 2023 of de jaren daarna;nee;cvdr;hoog;nee;https://lokaleregelgeving.overheid.nl/CVDR763018/1
Oirschot;Isolatiesubsidie voor woningeigenaren;oirschot-web-isolatiesubsidie-voor-woningeigenaren;Erkend bedrijf: maximaal € 3.000 (tot € 1.500 voor één maatregel, tot € 2.250 voor meerdere, € 500 biobased, € 250 natuurvrij, € 1.000 laag inkomen). DHZ: maximaal € 1.500 (tot € 750 materiaalkosten, € 250 biobased, € 500 laag inkomen);;ja;551000;<=;2022-01-01;label D/E/F/G | label geen + min. 2 slechte bouwdelen;;;;bonus;maximaal 120% van de bijstandsnorm;;web;laag;nee;https://www.oirschot.nl/isolatiesubsidie-voor-woningeigenaren
Oisterwijk;Subsidieregeling Lokale Aanpak Isolatie Oisterwijk 2025;oisterwijk-cvdr746117;"eigenaar_bewoners_zonder_energiearmoede: maximaal € 1.200; eigenaar_bewoners_met_energiearmoede: maximaal € 3.500; doe_het_zelver: maximaal € 500 per adres";2030-06-30;ja;571000;<=;2024-01-01;label D/E/F/G | min. 2 slechte bouwdelen;;;;bonus;Energiearmoede: woningeigenaren die in 2024 voor het jaar 2023 energietoeslag hebben ontvangen of in aanmerking komen voor geldende financiële tegemoetkomingen in het kader van energiearmoede.;ja;cvdr;hoog;nee;https://lokaleregelgeving.overheid.nl/CVDR746117/1
Oldambt;Subsidieregeling isolatie en ventilatie Oldambt Verwarmt 2026 – 2028;oldambt-cvdr761246;maximaal een verdubbeling van het bedrag van Nij Begun met max. € 5.000 per woning (plus max. € 5.000 voor noodzakelijk onderhoud);2028-12-31;ja;;;;label D/E/F/G | min. 2 slechte bouwdelen;;;;bonus;tot 140% van het sociaal minimum (alleen vereist voor subsidie op noodzakelijk onderhoud);ja;cvdr;hoog;nee;https://lokaleregelgeving.overheid.nl/CVDR761246/1
Oldebroek;Subsidieregeling woningisolatie gemeente Oldebroek;oldebroek-cvdr757852;"Maximaal € 1.750,-- bij uitvoering door aannemer/isolatiebedrijf; maximaal € 4.000,-- bij inkomen onder 150% sociaal minimum; maximaal € 1.000,-- voor doe-het-zelvers. Nooit meer dan de werkelijke kosten.";2027-11-01;ja;477000;<;2022-01-01;label D/E/F/G | min. 2 slechte bouwdelen;;1991;;bonus;150% van het sociaal minimum;nee;cvdr;hoog;nee;https://lokaleregelgeving.overheid.nl/CVDR757852/1
Oldebroek;Subsidieregeling woningisolatie gemeente Oldebroek 2026;oldebroek-cvdr764530;"maximaal € 1.750 voor aannemer/isolatiebedrijf; maximaal € 4.000 bij inkomen onder 150% sociaal minimum (vóór 1 november 2026); maximaal € 1.000 voor doe-het-zelf; maximaal 100% van de werkelijke kosten";2028-09-01;ja;477000;<;2022-01-01;label D/E/F/G | min. 2 slechte bouwdelen;;;;bonus;onder 150% van het sociaal minimum;nee;cvdr;hoog;nee;https://lokaleregelgeving.overheid.nl/CVDR764530/1
Oldenzaal;Gemeentelijke verlenging subsidieregeling voor isolatie van eigen woningen met energielabel D, E, F of G;oldenzaal-cvdr767021;Maximale subsidie is € 750 per woning.;2027-04-01;ja;336000;<=;;label D/E/F/G | label geen + bouwjaar t/m 1974;;;;;;;cvdr;hoog;nee;https://lokaleregelgeving.overheid.nl/CVDR767021/1
Oldenzaal;Subsidieregeling verlenging Doe-het-zelf aanpak isolatie gemeente Oldenzaal;oldenzaal-cvdr766962;maximaal € 1.500 voor conventionele isolatiematerialen en maximaal € 2.000 voor biobased isolatiemateriaal;2027-04-01;ja;429300;<;2022-01-01;label D/E/F/G | label geen + bouwjaar t/m 1992 + min. 2 slechte bouwdelen;;;;;;nee;cvdr;hoog;nee;https://lokaleregelgeving.overheid.nl/CVDR766962/1
Olst-Wijhe;Subsidieregeling Lokale aanpak isolatie koopwoningen Olst-Wijhe;olst-wijhe-cvdr744387;"standaard: 100% van de daadwerkelijk gemaakte kosten (inclusief btw) tot maximaal € 1.300 per woning; laag_inkomen: 100% van de werkelijke kosten tot maximaal € 4.000 per woning";2030-12-31;ja;;<;;label D/E/F/G | min. 2 slechte bouwdelen;;;;bonus;een, door het college vastgesteld, maximaal inkomen;nee;cvdr;hoog;nee;https://lokaleregelgeving.overheid.nl/CVDR744387/1
Ommen;Subsidieregeling lokale aanpak isolatie Ommen;ommen-cvdr748971;maximaal € 2.000,- per woning/appartementsrecht (maximaal € 5.000,- bij inkomen tot 130% van de wettelijke bijstandsnorm);2028-05-01;ja;477000;<=;2024-01-01;label D/E/F/G | min. 2 slechte bouwdelen;;;;bonus;tot 130% van de wettelijke bijstandsnorm;ja;cvdr;hoog;nee;https://lokaleregelgeving.overheid.nl/CVDR748971/1
Oost Gelre;Regeling Isolatie Subsidie Achterhoek (ISA) Oost Gelre;oost-gelre-cvdr743055;maximaal € 2.000;2027-09-30;ja;477000;<=;2024-01-01;label D/E/F/G | min. 2 slechte bouwdelen;;;;;;;cvdr;hoog;nee;https://lokaleregelgeving.overheid.nl/CVDR743055/1
Oost Gelre;Subsidieregeling Isolatiesubsidie laag inkomen Achterhoek;oost-gelre-cvdr757166;maximaal € 2.500,- inclusief btw per woning;2027-09-30;ja;;;;;;1999;;vereist;maximaal € 46.500,- gezamenlijk inkomen;;cvdr;hoog;nee;https://lokaleregelgeving.overheid.nl/CVDR757166/1
Oosterhout;Subsidieregeling lokaal isolatieprogramma gemeente Oosterhout;oosterhout-cvdr744031;"maximum: 2500; eenheid: €; toelichting: Doelgroep A max € 2.500,00 inclusief BTW; Doelgroep B max € 1.500,00 inclusief BTW";2028-12-31;ja;;<;;bouwjaar t/m 1992 + min. 2 slechte bouwdelen | label D/E/F/G + bouwjaar t/m 1992;;1992;;bonus;maximaal 125% van het sociaal minimum;nee;cvdr;hoog;nee;https://lokaleregelgeving.overheid.nl/CVDR744031/2
Ooststellingwerf;Subsidieregeling Lokale Aanpak Isolatie gemeente Ooststellingwerf 2024;ooststellingwerf-cvdr737256;ten hoogste 100% van de subsidiabele kosten, tot een maximum van €2.177,- per aanvraag;2027-08-31;ja;429300;<=;2022-01-01;label D/E/F/G | min. 2 slechte bouwdelen;;;;;;ja;cvdr;hoog;nee;https://lokaleregelgeving.overheid.nl/CVDR737256/1
Oostzaan;Subsidieregeling Lokale Aanpak Isolatie Oostzaan 2026-27;oostzaan-cvdr760787;maximaal € 1.750,- (doelgroep 1) of maximaal € 10.000,- (doelgroep 2);2027-06-30;ja;568000;<;2022-01-01;label D/E/F/G | label geen/A/B/C + min. 2 slechte bouwdelen;;;;bonus;Energietoeslag ontvangen in 2023, bijstandsuitkering ten tijde van aanvraag, of in een schuldsaneringstraject (voor doelgroep 2);nee;cvdr;hoog;nee;https://lokaleregelgeving.overheid.nl/CVDR760787/1
Opsterland;Subsidieregeling Lokale Aanpak Isolatie gemeente Opsterland 2024;opsterland-cvdr717367;ten hoogste 100% van de subsidiabele kosten, tot een maximum van € 2.177,- per aanvraag;2027-08-31;ja;429300;<=;2022-01-01;label D/E/F/G | min. 2 slechte bouwdelen;;;;;;ja;cvdr;hoog;nee;https://lokaleregelgeving.overheid.nl/CVDR717367/3
Opsterland;Subsidieregeling Plus op Lokale Aanpak Isolatie gemeente Opsterland;opsterland-cvdr722686;tot een maximum van € 2.500,- per woning;2027-10-31;ja;;;;;;;;vereist;maximaal 150% van het dan geldend wettelijk sociaal minimum;;cvdr;hoog;nee;https://lokaleregelgeving.overheid.nl/CVDR722686/2
Oss;Stimuleringslening Duurzaamheid;oss-web-stimuleringslening-duurzaamheid;minimaal € 2.500 en maximaal € 20.000;;ja;;;;;;;;;;;web;laag;nee;https://loket.oss.nl/stimuleringslening-duurzaamheid
Oude IJsselstreek;BELEIDSREGEL OUDE IJSSELSTREEK ISOLEERT – Plus: 2022-2027;oude-ijsselstreek-cvdr746640;max. € 1.500 (tot 70% van de kosten) of max. € 3.000 (tot 85% van de kosten of bij verkoop Wonion);2027-10-01;ja;;;;;;2009;;vereist;Onder modaal (in 2024 € 44.000, in 2025 € 46.500) of maximaal 130% van het minimum (in 2025 € 30.000);;cvdr;middel;nee;https://lokaleregelgeving.overheid.nl/CVDR746640/1
Oude IJsselstreek;Beleidsregel Isolatie Subsidie Achterhoek (ISA) - Oude IJsselstreek 2025;oude-ijsselstreek-cvdr744801;maximaal € 2.000;2027-09-30;ja;477000;<=;2024-01-01;label D/E/F/G | min. 2 slechte bouwdelen;;;;;;;cvdr;hoog;nee;https://lokaleregelgeving.overheid.nl/CVDR744801/1
Oude IJsselstreek;Beleidsregel Oude IJsselstreek Isoleert – Algemeen 2023-2027;oude-ijsselstreek-cvdr746636;maximaal 30% van de gemaakte en betaalde kosten tot een maximum van € 600,- in totaal per aanvrager;2027-10-01;ja;;;;;;2009;;;;;cvdr;hoog;nee;https://lokaleregelgeving.overheid.nl/CVDR746636/1
Oude IJsselstreek;“BELEIDSREGEL Isolatie subsidie Laag Inkomen Achterhoek 2026-2027 - september 2026;oude-ijsselstreek-cvdr767098;;2027-09-30;ja;;;;bouwjaar t/m 1999;;1999;;vereist;46500;nee;cvdr;middel;nee;https://lokaleregelgeving.overheid.nl/CVDR767098/1
Ouder-Amstel;Subsidieregeling lokale aanpak isolatie Ouder-Amstel 2025-1;ouder-amstel-cvdr739154;maximaal € 1000 per woning;2026-12-31;ja;682000;<;2024;label D/E/F/G | min. 2 slechte bouwdelen;;;;;;ja;cvdr;hoog;nee;https://lokaleregelgeving.overheid.nl/CVDR739154/1
Oudewater;Isolatiesubsidie koopwoningen;oudewater-web-isolatiesubsidie-koopwoningen;;2028-12-31;ja;477000;<=;2022;min. 2 slechte bouwdelen | bouwjaar t/m 1994;;1994;;;;nee;web;middel;nee;https://www.oudewater.nl/Subsidie/Isolatiesubsidie_koopwoningen
Oudewater;Subsidieregeling Oudewater isoleert koopwoningen 2025;oudewater-cvdr744612;maximaal € 3.500,- voor doelgroep 1 en maximaal € 1.000,- voor doelgroep 2 en doelgroep 3 (inclusief btw);2028-06-30;ja;477000;<=;2022-01-01;min. 2 slechte bouwdelen;;1994;;bonus;Groene Hartpas of gezamenlijk inkomen niet hoger dan 150% van de geldende bijstandsnorm;nee;cvdr;hoog;nee;https://lokaleregelgeving.overheid.nl/CVDR744612/1
Oudewater;Subsidieregeling Oudewater isoleert koopwoningen 2026;oudewater-cvdr767204;;2028-12-31;ja;477000;<=;2022-01-01;label D/E/F/G | min. 2 slechte bouwdelen;;1995;;;;nee;cvdr;middel;nee;https://lokaleregelgeving.overheid.nl/CVDR767204/1
Overbetuwe;Subsidieregeling doe-het-zelf isolatie maatregelen gemeente Overbetuwe;overbetuwe-cvdr744231;€ 1.000;2028-12-31;ja;477000;<;2022-01-01;label D/E/F/G | min. 2 slechte bouwdelen;;;;;;voorwaarde;cvdr;hoog;nee;https://lokaleregelgeving.overheid.nl/CVDR744231/1
Overbetuwe;Subsidieregeling verduurzamen woningen gemeente Overbetuwe;overbetuwe-cvdr744232;"standaard: 1000; warmtetransitie_cbs_buurt: 1500; laag_inkomen_1_maatregel: 2000; laag_inkomen_2_maatregelen: 4000";2028-12-31;ja;477000;<;2022-01-01;label D/E/F/G | min. 2 slechte bouwdelen;;;;bonus;Energietoeslag ontvangen of schuldhulpverlening;voorwaarde;cvdr;hoog;nee;https://lokaleregelgeving.overheid.nl/CVDR744232/1
Papendrecht;Subsidieregeling isolatie koopwoningen in de gemeente Papendrecht;papendrecht-cvdr757975;Maximaal € 3.500,- voor doelgroep 1 en maximaal € 1.000,- voor doelgroep 2 inclusief BTW (maximaal 100% van de kosten minus ISDE-subsidie).;2026-10-31;ja;477000;<=;2022-01-01;label D/E/F/G | label C + bouwjaar t/m 1995 + min. 2 slechte bouwdelen | label geen + min. 2 slechte bouwdelen;;;;bonus;Ontvangers van de eenmalige energietoeslag in 2022 en/of 2023 (artikel 35, lid 4 Participatiewet);nee;cvdr;hoog;nee;https://lokaleregelgeving.overheid.nl/CVDR757975/1
Peel en Maas;Uitvoeringsregeling ‘Hart voor Thuis’ Gemeente Peel en Maas;peel-en-maas-cvdr765318;100% van de totale subsidiabele kosten tot maximaal € 4.200,- per aanvraag (minimaal € 250,-);2027-12-31;ja;435000;<=;2025;label D/E/F/G;;;;vereist;jaarlijks bruto-inkomen dat niet hoger ligt dan 150% van het sociaal minimum;nee;cvdr;hoog;nee;https://lokaleregelgeving.overheid.nl/CVDR765318/1
Pekela;Stimuleringslening duurzame particuliere woningverbetering;pekela-web-stimuleringslening-duurzame-particuliere-woningver;;;;;;;;;;;;;;web;laag;nee;https://www.pekela.nl/Onderwerpen/Bouwen_en_omgeving/Duurzaamheid/Stimuleringslening_duurzame_particuliere_woningverbetering
Pekela;Subsidieregeling energiebesparing en isolatie woningen van eigenaar-bewoners gemeente Pekela;pekela-cvdr715878;;2026-12-31;ja;249000;<=;;label D/E/F/G | min. 2 slechte bouwdelen;;1994;;vereist;;;cvdr;middel;nee;https://lokaleregelgeving.overheid.nl/CVDR715878/1
Pekela;Subsidieregeling maatregelen energiebesparing en isolatie woningen;pekela-web-subsidieregeling-maatregelen-energiebesparing-en-i;;;;;;;;;;;;;;web;laag;nee;https://www.pekela.nl/Onderwerpen/Bouwen_en_omgeving/Duurzaamheid/Subsidieregeling_maatregelen_energiebesparing_en_isolatie_woningen
Pijnacker-Nootdorp;Subsidieregeling isolatie Pijnacker-Nootdorp 2025;pijnacker-nootdorp-cvdr728320;"Maximaal 50% tot € 1.460 per maatregel en max € 2.000 per adres (installateur); max 80% tot € 1.460 per maatregel en max € 2.000 per adres (doe-het-zelf); lagere inkomens max € 5.000";;ja;;;1 januari van het voorgaande jaar;label D/E/F/G | label geen/B/C + min. 2 slechte bouwdelen | label B/C + min. 1 slechte bouwdelen;;1991;;bonus;Verzamelinkomen lager dan € 32.000,- (bruto) in combinatie met een WOZ-waarde lager dan € 559.000,- geeft recht op maximaal € 5.000,- subsidie;;cvdr;middel;nee;https://lokaleregelgeving.overheid.nl/CVDR728320/4
Purmerend;Tijdelijke subsidieverordening verbetering slecht geïsoleerde woningen Purmerend 2024;purmerend-cvdr723436;"maximaal € 1.700,-- per slecht geïsoleerde woning (starters: tot € 2.450,--; energietoeslag: maximaal € 2.950,--)";2030-12-31;ja;;<;;label D/E/F/G | min. 2 slechte bouwdelen;;;;bonus;In aanmerking gekomen voor energietoeslag 2022, 2023 of 2024 geeft recht op een hogere subsidie.;ja;cvdr;hoog;nee;https://lokaleregelgeving.overheid.nl/CVDR723436/2
Putten;Subsidieregeling 'Putten isoleert 2.0';putten-cvdr724651;maximaal €1.600,-;2026-12-31;ja;482001;<;2022-01-01;label D/E/F/G | min. 2 slechte bouwdelen;;2001;;;;nee;cvdr;hoog;nee;https://lokaleregelgeving.overheid.nl/CVDR724651/1
Putten;Subsidieregeling ‘Isoleren op maat’;putten-cvdr739467;"maximum: 20000; eenheid: €";2027-12-31;ja;;;;;;;;vereist;"Maximaal 130% van de toepasselijke bijstandsnorm (per maand incl. vakantietoeslag: alleenstaand(e ouder) 21-AOW € 1.749,09, vanaf AOW € 1.951,39; samenwonend/getrouwd 21-AOW € 2.498,67, vanaf AOW € 2.669,52) en vermogen max. € 57.684,00 op 1 januari 2025.";ja;cvdr;hoog;nee;https://lokaleregelgeving.overheid.nl/CVDR739467/1
Putten;Subsidieverordening energiebesparing bestaande bouw particulieren;putten-cvdr85918;een derde van de subsidiabele kosten tot maximaal € 500,- per woning (maximaal € 750,- bij burenbonus);;ja;;;;;;;;;;;cvdr;middel;nee;https://lokaleregelgeving.overheid.nl/CVDR85918/5
Raalte;Subsidieregeling energiebesparende isolatiemaatregelen gemeente Raalte;raalte-cvdr759794;Maximaal € 1.800,- (of maximaal € 4.000,- bij inkomen tot 150% van de bijstandsnorm);2030-01-01;ja;477000;<=;2022-01-01;label D/E/F/G | min. 2 slechte bouwdelen;;;;bonus;Gezamenlijk inkomen per maand niet meer dan 150% van de bijstandsnorm;nee;cvdr;hoog;nee;https://lokaleregelgeving.overheid.nl/CVDR759794/1
Reimerswaal;Subsidieregeling Lokale Aanpak Isolatie gemeente Reimerswaal 2025;reimerswaal-cvdr749885;"Maximaal € 2.050 per woning (bodemisolatie max. € 26,34/m²; spouwmuurisolatie max. € 18,28/m² + € 300, min. € 1.100; biobased toeslag € 1,00 tot € 6,00 per m²)";2027-12-31;ja;500000;<=;2022-01-01;label D/E/F/G | min. 2 slechte bouwdelen;;;;;;ja;cvdr;hoog;nee;https://lokaleregelgeving.overheid.nl/CVDR749885/1
Reimerswaal;Subsidieregeling Lokale Aanpak Isolatie gemeente Reimerswaal 2025;reimerswaal-cvdr737047;Maximaal € 2.050 per woning, vermeerderd met biobased toeslag per m² (€ 1,- tot € 6,- afhankelijk van het bouwdeel);2027-12-31;ja;500000;<=;2022-01-01;label D/E/F/G | min. 2 slechte bouwdelen;;;;;;ja;cvdr;hoog;nee;https://lokaleregelgeving.overheid.nl/CVDR737047/1
Renkum;Subsidieregeling Woningisolatie eigenaar-bewoners gemeente Renkum 2025;renkum-cvdr743561;Maximaal € 750 (bij leverancier of collectieve inkoop) of maximaal € 1.250 (bij doe-het-zelf maatregel);2027-09-01;ja;496000;<;2022-01-01;label D/E/F/G | min. 2 slechte bouwdelen;;;;;;ja;cvdr;hoog;nee;https://lokaleregelgeving.overheid.nl/CVDR743561/1
Renswoude;Subsidieregeling isolatie koopwoningen gemeente Renswoude;renswoude-cvdr767037;maximaal €4.000 (doelgroep 1) of maximaal €1.250 (doelgroep 2), maximaal 100% van de kosten;2028-06-30;ja;574000;<=;2022-01-01;min. 2 slechte bouwdelen;;1994;;bonus;in 2022 en/of 2023 energietoeslag ontvangen of gezamenlijk inkomen van maximaal 150% van de toepasselijke bijstandsnorm;nee;cvdr;hoog;nee;https://lokaleregelgeving.overheid.nl/CVDR767037/1
Reusel-De Mierden;Subsidieregeling Isolatiemaatregelen Slecht geïsoleerde woningen Reusel-De Mierden 2023-2026;reusel-de-mierden-cvdr706917;maximaal € 1.460,- inclusief BTW per Bestaande eengezinswoning;2026-12-31;ja;417000;<;2022-01-01;label D/E/F/G | min. 2 slechte bouwdelen;;2018;;;;nee;cvdr;hoog;nee;https://lokaleregelgeving.overheid.nl/CVDR706917/1
Reusel-De Mierden;Subsidieregeling ‘Doe-het-zelf isolatie Reusel-De Mierden’;reusel-de-mierden-cvdr741944;maximaal € 500,- inclusief BTW per woning;2028-12-31;ja;486000;<;2024;label D/E/F/G | min. 2 slechte bouwdelen;;;;;;ja;cvdr;hoog;nee;https://lokaleregelgeving.overheid.nl/CVDR741944/1
Rheden;Subsidieregeling lokale aanpak isolatie Rheden;rheden-cvdr716213;"maximaal € 2.000,00 voor genoemde maatregelen; maximaal € 2.750,00 voor doe-het-zelf; maximaal € 3.000,00 voor dakisolatie binnenzijde";2028-12-31;ja;440000;<=;;label D/E/F/G | min. 2 slechte bouwdelen;;1991;;bonus;130% van het wettelijk minimumloon (WML) / sociaal minimum;voorwaarde;cvdr;hoog;nee;https://lokaleregelgeving.overheid.nl/CVDR716213/2
Rhenen;Subsidieregeling isolatie koopwoningen gemeente Rhenen;rhenen-cvdr744163;"doelgroep_1: maximaal €7.000 inclusief BTW; doelgroep_2: maximaal €1.500 inclusief BTW; percentage_max: 100%";2028-06-30;ja;575000;<;2022-01-01;bouwjaar t/m 1994 + min. 2 slechte bouwdelen;;1994;;bonus;Energietoeslag ontvangen in 2022 en/of 2023, of in het bezit zijn van de Cunerapas;nee;cvdr;hoog;nee;https://lokaleregelgeving.overheid.nl/CVDR744163/1
Ridderkerk;Stimuleringsregeling duurzaam;ridderkerk-web-stimuleringsregeling-duurzaam;;;;;;;;;;;;;;web;laag;nee;https://www.ridderkerk.nl/stimuleringsregeling-duurzaam
Ridderkerk;Subsidie voor doe-het-zelvers;ridderkerk-web-subsidie-voor-doe-het-zelvers;;;;;;;;;;;;;;web;laag;nee;https://www.ridderkerk.nl/subsidie-voor-doe-het-zelvers
Rijssen-Holten;Lokale Aanpak Isolatie voor slechte geïsoleerde woningen;rijssen-holten-cvdr746054;"Gratis maatregel: maximaal € 4.500; Inhuur isolatiebedrijf: maximaal € 2.000 (plus maximaal € 500 biobased bonus); Doe-het-zelf: maximaal € 1.000";2028-12-31;ja;477000;<;2022-01-01;label D/E/F/G | label C + min. 2 slechte bouwdelen | label geen + min. 2 slechte bouwdelen;;1991;;bonus;lager dan 150% van bijstandsnorm en niet meer spaargeld dan vermogen volgens Participatiewet art. 34 (geldt alleen voor de gratis maatregel);nee;cvdr;hoog;nee;https://lokaleregelgeving.overheid.nl/CVDR746054/1
Rijswijk;Regeling Woningisolatie Rijswijk 2024;rijswijk-cvdr705212;maximaal 60% tot € 1.500,- (WOZ > NHG-grens) of maximaal 60% tot € 2.500,- (WOZ tot en met NHG-grens);2027-01-01;ja;;;;;;;;;;voorwaarde;cvdr;hoog;nee;https://lokaleregelgeving.overheid.nl/CVDR705212/2
Roerdalen;Subsidieregeling Lokale Aanpak Isolatie Roerdalen 2025-2027;roerdalen-cvdr743353;maximaal € 1.800 inclusief BTW (regulier), € 5.600 (lage inkomens, WOZ < € 477.000) of € 2.600 (lage inkomens, WOZ > € 477.000);2027-06-30;ja;477000;<;2022-01-01;label D/E/F/G | min. 2 slechte bouwdelen;;;;bonus;recht op energietoeslag in 2022, 2023 of 2024 of een inkomen niet hoger dan 150% van de toepasselijke bijstandsnorm in Roerdalen;nee;cvdr;middel;nee;https://lokaleregelgeving.overheid.nl/CVDR743353/1
Roermond;Subsidieregeling Lokale Aanpak Isolatie Roermond 2025;roermond-cvdr744928;"100% van de subsidiabele kosten tot maximaal € 1.500,- incl. btw; maximaal € 6.000,- bij inkomen < 130% sociaal minimum; maximaal € 3.000,- voor de eerste 250 reguliere aanvragers";2028-07-01;ja;298000;<=;2022-01-01;label D/E/F/G | min. 2 slechte bouwdelen;;;;bonus;Lager dan 130% van het sociaal minimum;nee;cvdr;hoog;nee;https://lokaleregelgeving.overheid.nl/CVDR744928/1
Roosendaal;Subsidieregeling Lokale Aanpak Isolatie Roosendaal 2026 tot en met 2028;roosendaal-cvdr766295;€ 1.460;2028-06-30;ja;477000;<=;2022-01-01;label D/E/F/G | min. 2 slechte bouwdelen;;;;;;ja;cvdr;hoog;nee;https://lokaleregelgeving.overheid.nl/CVDR766295/1
Rotterdam;Subsidieregeling collectieve aanpak isolatie voor eigenaar-bewoners;rotterdam-cvdr742147;Maximaal € 2.000 per woning/appartement, met een bonus van € 200 bij gelijktijdige aanvraag van twee verschillende isolatiemaatregelen. Subsidiebedragen per m² vastgelegd in bijlage 2.;2027-12-31;ja;477000;<=;2024-01-01;min. 2 slechte bouwdelen;;1992;;;;voorwaarde;cvdr;hoog;nee;https://lokaleregelgeving.overheid.nl/CVDR742147/2
Rozendaal;Subsidieregeling lokale aanpak woningisolatie Rozendaal 2025-2027;rozendaal-cvdr738427;max. € 1.250, 100%;2027-12-31;ja;646000;<=;2022-01-01;label D/E/F/G | min. 2 slechte bouwdelen;;;;;;;cvdr;hoog;nee;https://lokaleregelgeving.overheid.nl/CVDR738427/1
Schagen;Subsidieregeling Lokale Aanpak Isolatie Schagen;schagen-cvdr765952;"Maximaal € 4.000 voor ontvangers energietoeslag; maximaal € 1.500 per maatregel (maximaal 2 maatregelen, totaal maximaal € 3.000); plus eventueel maximaal € 250 per maatregel voor biobased materialen";2028-12-31;ja;477000;<;;label D/E/F/G | min. 2 slechte bouwdelen;;;;bonus;Energietoeslag 2023 ontvangen;nee;cvdr;hoog;nee;https://lokaleregelgeving.overheid.nl/CVDR765952/1
Scherpenzeel;Subsidieregeling lokale aanpak isolatie Scherpenzeel;scherpenzeel-cvdr765600;maximaal € 4.000,- (tot 130% sociaal minimum) of maximaal € 1.950,- (boven 130% sociaal minimum);2028-12-31;ja;461000;<;2022-01-01;label D/E/F/G | label C + min. 2 slechte bouwdelen | min. 2 slechte bouwdelen;;;;bonus;tot 130% van het sociaal minimum;voorwaarde;cvdr;hoog;nee;https://lokaleregelgeving.overheid.nl/CVDR765600/1
Scherpenzeel;Subsidieverordening energiebesparende maatregelen bestaande woningen 2014 gemeente Scherpenzeel;scherpenzeel-cvdr352573;een derde van de subsidiabele kosten tot maximaal € 500,00 per woning (of maximaal € 750,00 bij burenbonus);;ja;;;;;;;;;;;cvdr;middel;nee;https://lokaleregelgeving.overheid.nl/CVDR352573/1
Schiedam;Energiebespaarlening Particuliere Woningeigenaren;schiedam-web-energiebespaarlening-particuliere-woningeigenaren;0;;ja;;;;;;;;vereist;;;web;middel;nee;https://schiedam.regionaalenergieloket.nl/subsidies-en-leningen
Schiedam;Subsidieregeling Doe-Het-Zelf Aanpak isolerende maatregelen Schiedam 2026;schiedam-cvdr767066;;2028-12-31;ja;370000;<=;2024-01-01;label D/E/F/G | min. 2 slechte bouwdelen;;2012;;;;;cvdr;middel;nee;https://lokaleregelgeving.overheid.nl/CVDR767066/1
Schiermonnikoog;Natuurvriendelijk isoleren;schiermonnikoog-web-subsidieregeling-aardgasvrij-eiland-natuurvriendel;tot 6.500 euro;;ja;;;;;;;;bonus;maximaal 130 procent van het minimumloon;;web;laag;nee;https://www.schiermonnikoog.nl/subsidies-duurzaam-wonen
Schouwen-Duiveland;Nadere regels subsidie Doe-Het-Zelvers voor particuliere woningen gemeente Schouwen-Duiveland 2026;schouwen-duiveland-cvdr757516;Maximaal € 2.000;;ja;;;;bouwjaar t/m 1974 | label D/E/F/G + bouwjaar vanaf 1975 | bouwjaar vanaf 1975 + min. 2 slechte bouwdelen;;;;;;;cvdr;middel;nee;https://lokaleregelgeving.overheid.nl/CVDR757516/1
Schouwen-Duiveland;Nadere regels subsidie gratis isolatiemaatregel voor woningeigenaren met Tijdelijk Noodfonds Energie gemeente Schouwen-Duiveland 2026;schouwen-duiveland-cvdr765357;maximaal € 4.000;;ja;500000;<=;;label D/E/F/G | min. 2 slechte bouwdelen;;;;vereist;gebruik gemaakt van het Tijdelijk Noodfonds Energie (TNE);;cvdr;middel;nee;https://lokaleregelgeving.overheid.nl/CVDR765357/1
Schouwen-Duiveland;Nadere regels subsidie isoleren particuliere woningen in de gemeente Schouwen-Duiveland 2026;schouwen-duiveland-cvdr757514;"50% van de werkelijke kosten tot maximaal € 3.000 (of maximaal € 1.500 bij eerdere subsidie). Verhoging met € 1.000 voor monumentale panden of biobased isoleren; verhoging van 10% bij een gezamenlijke aanpak.";;ja;;;;bouwjaar t/m 1974 | label D/E/F/G + bouwjaar vanaf 1975 | bouwjaar vanaf 1975 + min. 2 slechte bouwdelen;;;;;;;cvdr;middel;nee;https://lokaleregelgeving.overheid.nl/CVDR757514/1
Simpelveld;Nadere regel Lokale Aanpak Isolatie Doe-het-zelf gemeente Simpelveld;simpelveld-cvdr752356;100% van het totale aankoopbedrag aan (isolatie)materialen, met een maximum van €1.300,- inclusief BTW per woning;2028-10-31;ja;;<;2022-01-01;label D/E/F/G | min. 2 slechte bouwdelen;;1991;;;;nee;cvdr;hoog;nee;https://lokaleregelgeving.overheid.nl/CVDR752356/1
Simpelveld;Nadere regel Lokale Aanpak Isolatie gemeente Simpelveld;simpelveld-cvdr752355;Doelgroep A: 70% tot max. € 1.300,- (eerste maatregel) en 70% tot max. € 1.000,- (tweede maatregel). Doelgroep B (energietoeslag 2023): 100% tot max. € 5.000,- (één maatregel) of max. € 10.000,- (twee maatregelen).;2027-08-31;ja;;<;2022-01-01;label D/E/F/G | min. 2 slechte bouwdelen;;1991;;bonus;Energietoeslag 2023 van de gemeente Simpelveld ontvangen;nee;cvdr;hoog;nee;https://lokaleregelgeving.overheid.nl/CVDR752355/1
Sint-Michielsgestel;Subsidieregeling Lokale Aanpak Spouwmuurisolatie Sint-Michielsgestel 2025;sint-michielsgestel-cvdr742418;maximaal 100% van de kosten met een maximum van € 6.000,- (inclusief BTW) per isolatiemaatregel;2026-12-31;ja;;;2023-01-01;;;;;vereist;Energietoeslag ontvangen onder de beleidsregels ‘eenmalige energietoeslag 2022 gemeente Sint-Michielsgestel’ en/of ‘eenmalige energietoeslag 2023 gemeente Sint-Michielsgestel’;nee;cvdr;hoog;nee;https://lokaleregelgeving.overheid.nl/CVDR742418/2
Sint-Michielsgestel;Subsidieregeling Samen Isoleren Sint-Michielsgestel;sint-michielsgestel-cvdr762087;15% (bij 3 tot en met 5 deelnemers) of 20% (bij 6 tot en met 10 deelnemers) van het factuurbedrag, maximaal € 4.000,- per adres;2027-09-30;ja;;;;;;;;;;nee;cvdr;hoog;nee;https://lokaleregelgeving.overheid.nl/CVDR762087/1
Sittard-Geleen;Subsidieregeling Lokale Aanpak Isolatie gemeente Sittard-Geleen 2025-2029;sittard-geleen-cvdr758420;Maximaal 100% tot € 3.000,- (energietoeslaggerechtigden) of tot € 1.650,- (overige eigenaar-bewoners);2028-06-30;ja;477000;<;2024-01-01;label D/E/F/G | min. 2 slechte bouwdelen;;;;bonus;Niet hoger dan 120% van de toepasselijke bijstandsnorm (peildatum 1-1-2024);nee;cvdr;hoog;nee;https://lokaleregelgeving.overheid.nl/CVDR758420/1
Sliedrecht;Subsidieregeling isolatie koopwoningen in de gemeente Sliedrecht;sliedrecht-cvdr759280;"Maximaal € 3.500,- incl. btw voor doelgroep 1; maximaal € 1.000,- incl. btw voor doelgroep 2 (maximaal 100% van de kosten minus ISDE-subsidie)";2026-10-31;ja;477000;<=;2022-01-01;label D/E/F/G | label C + bouwjaar t/m 1995 + min. 2 slechte bouwdelen | label geen + min. 2 slechte bouwdelen;;;;bonus;Ontvanger van de eenmalige energietoeslag in 2022 en/of 2023 (geeft toegang tot doelgroep 1 en een hoger subsidiebedrag van € 3.500,-);nee;cvdr;hoog;nee;https://lokaleregelgeving.overheid.nl/CVDR759280/1
Sluis;Stimuleringsregeling Duurzaam en Langer Thuis;sluis-web-stimuleringsregeling-duurzaam-en-langer-thuis;;;;;;;;;;;;;;web;laag;nee;https://www.gemeentesluis.nl/direct-regelen-informatie/duurzaam-sluis/stimuleringsregeling-duurzaam-en-langer-thuis/
Sluis;Verordening Lening Duurzaam en Langer Thuis, gemeente Sluis;sluis-cvdr682481;;;ja;;;;;;;;;;;cvdr;middel;nee;https://lokaleregelgeving.overheid.nl/CVDR682481/1
Sluis;Verordening Stimuleringslening Duurzame Particuliere Woningverbetering gemeente Sluis (DPW-2);sluis-cvdr328894;;;ja;170000;<=;;;;1969;;;;;cvdr;middel;nee;https://lokaleregelgeving.overheid.nl/CVDR328894/1
Sluis;Zeeuws Isolatieprogramma (ZIP) - Gemeente Sluis;sluis-web-zeeuws-isolatieprogramma-zip-gemeente-sluis;;;;;;;;;;;;;;web;laag;nee;https://www.gemeentesluis.nl/direct-regelen-informatie/duurzaam-sluis/subsidies-voor-verduurzamen/
Smallingerland;Subsidieregeling Lokale Aanpak Isolatie gemeente Smallingerland;smallingerland-cvdr720733;ten hoogste 100% van de subsidiabele kosten, tot een maximum van €2000 per aanvraag;2027-08-31;ja;429300;<=;2022-01-01;label D/E/F/G | min. 2 slechte bouwdelen;;;;;;ja;cvdr;hoog;nee;https://lokaleregelgeving.overheid.nl/CVDR720733/2
Soest;Subsidieregeling isolatie koopwoningen Verenigingen van Eigenaars gemeente Soest 2026;soest-cvdr756290;Maximaal 100% van de kosten, tot maximaal € 1.000 inclusief btw per appartement en maximaal € 50.000 per VvE;2029-01-01;ja;552000;<=;2022-01-01;min. 2 slechte bouwdelen | label D/E/F/G;;;;;;ja;cvdr;hoog;nee;https://lokaleregelgeving.overheid.nl/CVDR756290/1
Soest;Subsidieregeling isolatie koopwoningen gemeente Soest;soest-cvdr743624;Maximaal € 4.000 voor doelgroep 1 en maximaal € 1.500 voor doelgroep 2 (maximaal 100% van de kosten);2028-06-30;ja;552000;<=;2022-01-01;min. 2 slechte bouwdelen;;1994;;bonus;Energietoeslag in 2022/2023 of gezamenlijk inkomen van maximaal 150% van de toepasselijke bijstandsnorm;nee;cvdr;hoog;nee;https://lokaleregelgeving.overheid.nl/CVDR743624/1
Someren;Subsidieregeling Isoleren Koopwoningen Gemeente Someren;someren-cvdr765932;"Vakspecialist: max. 70%, max. € 1.250 incl. btw; Doe-het-zelf: max. 100% materiaalkosten, max. € 1.250 incl. btw. Biobased bonus: + € 500. Energiearmoede: max. € 2.500 (+ € 1.000 bij biobased).";2028-09-01;ja;477000;<=;2022-01-01;label D/E/F/G | min. 2 slechte bouwdelen;;1989;;bonus;aangemerkt als energiearmoede op basis van gemeentelijke gegevens over verstrekte energietoeslagen in 2023 en/of 2024;nee;cvdr;hoog;nee;https://lokaleregelgeving.overheid.nl/CVDR765932/1
Stadskanaal;Subsidieregeling lokale aanpak isolatie gemeente Stadskanaal 2025;stadskanaal-cvdr736517;maximaal € 2.000;2027-12-31;ja;441000;<=;2023;label D/E/F/G | label geen + min. 2 slechte bouwdelen | label C + min. 2 slechte bouwdelen;;;;;;ja;cvdr;hoog;nee;https://lokaleregelgeving.overheid.nl/CVDR736517/1
Staphorst;Isolatiesubsidie voor doe-het-zelvers gemeente Staphorst 2026;staphorst-cvdr760817;maximaal € 750,- per adres;2026-12-31;ja;;;;;;;;;;ja;cvdr;hoog;nee;https://lokaleregelgeving.overheid.nl/CVDR760817/1
Staphorst;Subsidieregeling Lokale Aanpak Isolatie gemeente Staphorst 2026;staphorst-cvdr760836;€ 1.812;2026-12-31;ja;477000;<;2025-01-01;label D/E/F/G | min. 2 slechte bouwdelen;;;;;;;cvdr;hoog;nee;https://lokaleregelgeving.overheid.nl/CVDR760836/1
Staphorst;Subsidieregeling Verhoogde Isolatieondersteuning gemeente Staphorst 2026;staphorst-cvdr760801;tot € 4.000,- (maximaal de kosten voor de uitvoering van de isolerende en/of ventilerende maatregelen);2026-12-31;ja;477000;<;2025-01-01;label D/E/F/G | min. 2 slechte bouwdelen;;;;vereist;In aanmerking gekomen voor energietoeslag 2022 en/of 2023 en/óf inkomen van minder dan 150% van de bijstandsnorm in of na 2024;;cvdr;hoog;nee;https://lokaleregelgeving.overheid.nl/CVDR760801/1
Stede Broec;Subsidie Lokale Aanpak Isolatie Stede Broec tweede tranche;stede-broec-cvdr755052;maximaal 100% van de subsidiabele kosten, tot maximaal €2.700 inclusief BTW per woning;2028-03-31;ja;477000;<=;2022-01-01;label D/E/F/G | min. 2 slechte bouwdelen;;;;;;nee;cvdr;hoog;nee;https://lokaleregelgeving.overheid.nl/CVDR755052/1
Steenbergen;Subsidieregeling lokale isolatieaanpak 2025-2026 Steenbergen;steenbergen-cvdr748142;Maximaal € 1.750,- per woning (zonder risico op energiearmoede) of maximaal € 2.500,- per woning (met risico op energiearmoede), tot ten hoogste 100% van de werkelijk gemaakte kosten.;2026-12-01;ja;477000;<=;2024-01-01;label D/E/F/G | min. 2 slechte bouwdelen;;;;bonus;;nee;cvdr;hoog;nee;https://lokaleregelgeving.overheid.nl/CVDR748142/1
Steenwijkerland;Nadere regels isolatiesubsidie gemeente Steenwijkerland;steenwijkerland-cvdr721766;100% van de werkelijke kosten tot maximaal € 1.800 per woning (of tot maximaal € 3.600);2027-12-31;ja;477000;<=;2022;label D/E/F/G | min. 2 slechte bouwdelen;;1991;;;;nee;cvdr;hoog;nee;https://lokaleregelgeving.overheid.nl/CVDR721766/4
Stein;Subsidieverordening ‘Lokale Aanpak Isolatie gemeente Stein 2025’;stein-cvdr736349;maximaal 100% van de daadwerkelijk gemaakte kosten tot maximaal € 3.000 (energietoeslag) of € 1.700 inclusief BTW;;ja;;;;;;;;bonus;energietoeslaggerechtigd zijn, zoals bedoeld in artikel 35 lid 4 van de Participatiewet;;cvdr;middel;nee;https://lokaleregelgeving.overheid.nl/CVDR736349/1
Stichtse Vecht;Subsidieregeling isolatie koopwoningen gemeente Stichtse Vecht;stichtse-vecht-cvdr765255;"Doelgroep 1 maximaal €3500,-; doelgroep 2 maximaal €1250,- voor 1 maatregel en maximaal €2500,- voor 2 maatregelen; plus maximaal €500,- voor biobased";2028-06-30;ja;534000;<=;2022-01-01;label D/E/F/G | min. 2 slechte bouwdelen;;1994;;bonus;maximaal 150% van het sociaal minimum;nee;cvdr;hoog;nee;https://lokaleregelgeving.overheid.nl/CVDR765255/1
Súdwest-Fryslân;Subsidieregeling Lokale Aanpak Isolatie gemeente Súdwest-Fryslân;s-dwest-frysl-n-cvdr722786;"subsidiepercentage: 100; max_bedrag: 1800";2027-08-31;ja;350000;<=;2022-01-01;label D/E/F/G | min. 2 slechte bouwdelen;;;;;;;cvdr;hoog;nee;https://lokaleregelgeving.overheid.nl/CVDR722786/3
Terneuzen;Subsidieregeling Lokale Aanpak Isolatie gemeente Terneuzen 2024;terneuzen-cvdr740188;€ 2.000,00, vermeerderd per m² bij biobased isolatiemateriaal (€ 1,- tot € 6,- per m²);2027-12-31;ja;;;;;;;;;;ja;cvdr;hoog;nee;https://lokaleregelgeving.overheid.nl/CVDR740188/1
Terneuzen;Subsidieregeling Lokale Aanpak Isolatie gemeente Terneuzen 2024;terneuzen-cvdr752783;"Bodemisolatie max. € 26,34 per m²; spouwmuurisolatie max. € 18,28 per m² + € 300 voor eDNA/natuurvrij maken (minimum € 1.100). Biobased toeslag per m²: dak € 5,-; zolder/vliering € 1,50; gevel € 6,-; spouwmuur € 1,50; vloer € 2,-; bodem € 1,-.";;ja;;;;;;;;;;;cvdr;middel;nee;https://lokaleregelgeving.overheid.nl/CVDR752783/1
Terneuzen;Subsidieregeling Lokale Aanpak Isolatie gemeente Terneuzen 2024;terneuzen-cvdr726901;maximaal € 2.000,00;2028-12-31;ja;500000;<=;2022-01-01;label D/E/F/G | min. 2 slechte bouwdelen;;;;;;ja;cvdr;hoog;nee;https://lokaleregelgeving.overheid.nl/CVDR726901/1
Terschelling;Subsidieregeling Lokale Aanpak Isolatie Terschelling 2025 - 2028;terschelling-cvdr746851;100% van de subsidiabele kosten met een maximum van € 2.100,- per woning;2028-12-31;ja;491000;<=;2024-01-01;label D/E/F/G | min. 2 slechte bouwdelen;;;;;;ja;cvdr;hoog;nee;https://lokaleregelgeving.overheid.nl/CVDR746851/1
Terschelling;Subsidieregeling isolatiemaatregelen Terschelling 2026;terschelling-cvdr760935;Regulier (fossiel): 15% van subsidiabele kosten, max. € 1.000,- per maatregel. Natuurlijke materialen: 32,5% op materiaalkosten (15% op overige kosten), max. € 2.000,- per maatregel. Vacuümglas: 32,5%, max. € 2.000,- per maatregel.;2027-01-01;ja;;;;;;;;;;;cvdr;hoog;nee;https://lokaleregelgeving.overheid.nl/CVDR760935/1
Texel;Subsidieregeling Texel isoleert!;texel-cvdr746072;100% van de subsidiabele kosten, maximaal € 2.700,- (bij WOZ t/m € 477.000,-) of maximaal € 1.500,- (bij WOZ € 477.001,- tot € 600.000,-);2028-07-01;ja;600000;<=;2022-01-01;label D/E/F/G | min. 2 slechte bouwdelen;;;;;;nee;cvdr;hoog;nee;https://lokaleregelgeving.overheid.nl/CVDR746072/1
Teylingen;Subsidieregeling Energiearmoede Teylingen 2026-2027;teylingen-cvdr755279;maximaal € 1.500,- inclusief BTW per woning, maar nooit meer dan 100% van de factuur;2027-10-31;ja;467000;<;2022-01-01;label D/E/F/G | min. 2 slechte bouwdelen;;;;;;;cvdr;hoog;nee;https://lokaleregelgeving.overheid.nl/CVDR755279/1
Tholen;Subsidieregeling Lokale Aanpak Isolatie gemeente Tholen 2026;tholen-cvdr762341;"Maximaal € 4.000 voor gezinsinkomen t/m 150% sociaal minimum of € 1.850 voor inkomen > 150% sociaal minimum; max. € 26,34 per m² voor bodemisolatie; max. € 18,28 per m² voor spouwmuurisolatie + € 300 (minimaal € 1.100); biobased toeslag € 1 tot € 6 per m²";2027-12-31;ja;500000;<=;2022-01-01;label D/E/F/G | min. 2 slechte bouwdelen;;;;bonus;150% van het sociaal minimum;ja;cvdr;hoog;nee;https://lokaleregelgeving.overheid.nl/CVDR762341/1
Tholen;Subsidieregeling Lokale Aanpak Isolatie gemeente Tholen oktober 2026;tholen-cvdr766811;"€ 4.000 bij inkomen t/m 150% sociaal minimum; € 1.850 bij inkomen > 150% sociaal minimum (met maxima per m² voor bodem en spouwmuur); biobased toeslag van € 1 tot € 6 per m²";2028-12-31;ja;500000;<=;2022-01-01;label D/E/F/G | min. 2 slechte bouwdelen;;;;bonus;150% van het sociaal minimum voor het hogere subsidiebedrag van € 4.000;ja;cvdr;hoog;nee;https://lokaleregelgeving.overheid.nl/CVDR766811/1
Tiel;Besluit tot vaststellen van het aanvraag- en uitkeringsformulier deelverordening subsidie isolatiemaatregelen;tiel-cvdr63680;;;;;;;;;;;;;;cvdr;middel;nee;https://lokaleregelgeving.overheid.nl/CVDR63680/1
Tiel;Maatregelenlijst Toekomstbestendig Wonen Lening Tiel 2026;tiel-cvdr759781;;;ja;;;;;;;;;;;cvdr;middel;nee;https://lokaleregelgeving.overheid.nl/CVDR759781/1
Tiel;NIP-subsidie;tiel-web-nip-subsidie;max 1330;2026-12-31;ja;;;;label D/E/F/G | min. 2 slechte bouwdelen;;;;;;;web;middel;nee;https://www.tiel.nl/energieloket-tiel
Tiel;Toekomstbestendig Wonen Lening - grondgebonden woningen;tiel-web-toekomstbestendig-wonen-lening-grondgebonden-wonin;2500-35000;2026-12-31;ja;;;;label C/D/E/F/G | min. 2 slechte bouwdelen;;;;;;nee;web;middel;nee;https://www.tiel.nl/toekomstbestendig-wonen-lening-grondgebonden-woningen
Tiel;Verordening Duurzaamheidslening;tiel-cvdr409925;;;ja;;;;;;;;;;;cvdr;middel;nee;https://lokaleregelgeving.overheid.nl/CVDR409925/1
Tiel;deelverordening subsidie isolatiemaatregelen 2014;tiel-cvdr323082;een derde van de subsidiabele kosten tot maximaal € 500,-- per woning (maximaal € 750,- bij aanvraag door tenminste zes eigenaar-bewoners);;ja;;;;;;;;;;;cvdr;middel;nee;https://lokaleregelgeving.overheid.nl/CVDR323082/1
Tilburg;Subsidieregeling Isolatie 2025 - 2027;tilburg-cvdr739799;Doelgroep A: 100% met een maximum van €4.000. Doelgroep B: 70% met een maximum van €2.000 voor energiebesparende maatregelen en 100% tot €500 voor services/ontzorging (totaal max €2.000).;2027-12-01;ja;429300;<;2022-01-01;label D/E/F/G | min. 2 slechte bouwdelen;;;;bonus;tot 120% van het sociaal minimum en een beperkt eigen vermogen;;cvdr;hoog;nee;https://lokaleregelgeving.overheid.nl/CVDR739799/1
Tubbergen;Subsidieregeling isolatie eigen woningen (lagere prijssegment) gemeente Tubbergen (aangepast);tubbergen-cvdr762694;Maximaal € 750,- per woning (met vaste bedragen per m² per maatregel en duurzame bonus);2028-10-01;ja;477000;<;2024;label D/E/F/G | min. 2 slechte bouwdelen;;;;;;;cvdr;hoog;nee;https://lokaleregelgeving.overheid.nl/CVDR762694/1
Twenterand;Doe-het-zelf subsidie voor isolatie;twenterand-web-doe-het-zelf-subsidie-voor-isolatie;;;;;;;;;;;;;;web;laag;nee;https://www.twenterand.nl/doe-het-zelf-subsidie-voor-isolatie
Twenterand;Duurzaamheidssubsidie voor een geïsoleerd huis;twenterand-web-duurzaamheidssubsidie-voor-een-ge-soleerd-huis;"35% van de kosten, minimaal € 250; maximaal € 5.000 voor huis gebouwd voor 1983 of met WOZ-waarde t/m € 392.000, anders maximaal € 3.000";;ja;;;;;;;;;;;web;laag;nee;https://www.twenterand.nl/duurzaamheidssubsidie
Twenterand;Verordening duurzaamheidssubsidie Twenterand 2025-2028;twenterand-cvdr746987;;2028-12-31;ja;392000;<=;2024-01-01;;;;;;;voorwaarde;cvdr;middel;nee;https://lokaleregelgeving.overheid.nl/CVDR746987/2
Twenterand;Verordening maatwerksubsidie energiearmoede Twenterand 2026 - 2027;twenterand-cvdr756859;;2027-11-30;ja;;;;;;;;vereist;;voorwaarde;cvdr;middel;nee;https://lokaleregelgeving.overheid.nl/CVDR756859/1
Tytsjerksteradiel;Subsidieregeling Lokale Aanpak Isolatie gemeente Tytsjerksteradiel 2026;tytsjerksteradiel-cvdr756362;ten hoogste 100% van de subsidiabele kosten, tot een maximum van € 2.110 per aanvraag;2028-08-31;ja;477000;<=;2022-01-01;label D/E/F/G | min. 2 slechte bouwdelen;;;;;;ja;cvdr;hoog;nee;https://lokaleregelgeving.overheid.nl/CVDR756362/1
Uitgeest;Subsidieregeling woningisolatie bestaande woningen Uitgeest 2026-2030;uitgeest-cvdr757959;"NIP maximaal € 2.000,-; SPUK EA maximaal € 2.500,-; samen maximaal € 4.500,- (plus extra subsidie voor biobased materialen)";2030-12-31;ja;496000;<=;2022-01-01, 2023-01-01 of 2024-01-01;label D/E/F/G | label A/B/C/geen + min. 2 slechte bouwdelen;;;;bonus;niet hoger is dan 150% van het sociaal minimum (de toepasselijke bijstandsnorm) of bewijs energietoeslag 2023;nee;cvdr;hoog;nee;https://lokaleregelgeving.overheid.nl/CVDR757959/1
Uithoorn;Subsidieregeling Lokale Aanpak Isolatie Uithoorn;uithoorn-cvdr762434;maximaal € 1.000,- voor doe-het-zelf (cadeaukaart) en maximaal € 1.500,- via advies aan huis of declaratie;2028-12-31;ja;497000;<=;meetjaar 2022, 2023 of 2024;label D/E/F/G | min. 2 slechte bouwdelen;;;;;;ja;cvdr;hoog;nee;https://lokaleregelgeving.overheid.nl/CVDR762434/1
Urk;Subsidieregeling Isolatieactie Urk 2026;urk-cvdr757609;Maximaal € 1.850,- (Open House en Declaratieformulier) of maximaal € 1.350,- (Doe-het-zelf);2026-12-31;ja;477000;<;2022;label D/E/F/G | min. 2 slechte bouwdelen;;1999;;;;nee;cvdr;hoog;nee;https://lokaleregelgeving.overheid.nl/CVDR757609/1
Utrecht;Besluit van Gedeputeerde Staten van Utrecht van 3 maart 2026, nr. UTSP-601784774-7, houdende nadere regels op grond van de Algemene subsidieverordening provincie Utrecht 2022 (Subsidieregeling energietransitie provincie Utrecht 2026-2030);utrecht-cvdr758475;;2030-12-31;ja;;;;;;;;;;;cvdr;middel;nee;https://lokaleregelgeving.overheid.nl/CVDR758475/1
Utrecht;Isolatiesubsidie Utrecht;utrecht-web-isolatiesubsidie-utrecht;€ 1.500;2027-12-31;ja;563000;<=;2024-01-01;label D/E/F/G | min. 2 slechte bouwdelen;;;;;;voorwaarde;web;laag;nee;https://www.utrecht.nl/wonen-en-leven/duurzame-stad/energie/besparen/grote-vve-energiezuinig-maken/hulp-bij-isoleren-voor-grote-vves-overvecht-noordwest-zuid-en-zuidwest
Utrecht;Nadere regel subsidie Energieadvies aan huis en Trajectbegeleiding gemeente Utrecht;utrecht-cvdr659309;;2028-11-01;ja;;;;;;;;;;ja;cvdr;middel;nee;https://lokaleregelgeving.overheid.nl/CVDR659309/3
Utrecht;Nadere regel subsidie isolatie bij collectieve inkoop gemeente Utrecht;utrecht-cvdr701793;"regulier_overig_per_maatregel: 750; regulier_overig_max: 1500; regulier_overvecht_noord_per_maatregel: 1500; regulier_overvecht_noord_max: 2250; laag_inkomen_max: 8000";2026-12-31;ja;563000;<=;2024;label D/E/F/G | min. 2 slechte bouwdelen;;;;bonus;In het bezit van een geldige U-Pas;voorwaarde;cvdr;hoog;nee;https://lokaleregelgeving.overheid.nl/CVDR701793/4
Utrecht;Nadere regel subsidie samen verduurzamen gemeente Utrecht;utrecht-cvdr701795;"maximaal € 750 per aanvrager; maximaal € 4.000 bij energietoeslag";2026-12-31;ja;488000;<=;2022;label D/E/F/G | min. 2 slechte bouwdelen;;;;bonus;ontvanger van energietoeslag;nee;cvdr;hoog;nee;https://lokaleregelgeving.overheid.nl/CVDR701795/1
Utrecht;Nadere regel subsidie woning isoleren gemeente Utrecht;utrecht-cvdr735066;"standaard_per_maatregel: 750; standaard_max: 1500; overvecht_noord_per_maatregel: 1500; overvecht_noord_max: 2250; laag_inkomen_max: 8000";2027-12-31;ja;563000;<;2024-01-01;label D/E/F/G | min. 2 slechte bouwdelen;;;;bonus;in het bezit van een geldige U-Pas;ja;cvdr;hoog;nee;https://lokaleregelgeving.overheid.nl/CVDR735066/3
Utrecht;Nadere regel subsidie woning isoleren grote vve gemeente Utrecht;utrecht-cvdr739088;;2027-12-31;ja;488000;<=;2022-01-01;label D/E/F/G | min. 2 slechte bouwdelen;;;;;;ja;cvdr;middel;nee;https://lokaleregelgeving.overheid.nl/CVDR739088/2
Utrecht;Nadere regel subsidie woning isoleren specifieke grote vve's Overvecht gemeente Utrecht;utrecht-cvdr744076;50%;2029-12-31;nee;;;;label D/E/F/G;;;;;;voorwaarde;cvdr;hoog;nee;https://lokaleregelgeving.overheid.nl/CVDR744076/2
Utrecht;Nadere regel subsidie woningisolatie specifieke adressen Overvecht gemeente Utrecht;utrecht-cvdr735162;50% van de kosten per maatregel tot een maximum van € 14.500 per woning;2029-12-31;nee;;;;label D/E/F/G | min. 2 slechte bouwdelen;;;;;;nee;cvdr;hoog;nee;https://lokaleregelgeving.overheid.nl/CVDR735162/2
Utrecht;Subsidieregeling cofinanciering isolatie koopwoningen provincie Utrecht;utrecht-cvdr723084;minimaal € 1.000 en maximaal € 1.250 (vermeerderd met maximaal € 500 per woning voor biobased isolatiemateriaal);2027-12-31;ja;;;2022-01-01;label D/E/F/G | min. 2 slechte bouwdelen;;;;;;nee;cvdr;hoog;nee;https://lokaleregelgeving.overheid.nl/CVDR723084/4
Utrecht;Subsidiestaat 2026 gemeente Utrecht;utrecht-cvdr767167;;;ja;;;;;;;;;;;cvdr;middel;nee;https://lokaleregelgeving.overheid.nl/CVDR767167/1
Utrechtse Heuvelrug;Subsidieregeling Isolatiesubsidie Utrechtse Heuvelrug 2026;utrechtse-heuvelrug-cvdr760323;"maximaal € 1.750,- (tot 70% van de factuur bij uitbesteding, of max. € 1.750,- materiaalkosten bij doe-het-zelf); bonus van € 250,- bij biobased materialen; bonus van € 500,- voor monumenten";2028-12-30;ja;602000;<=;2022, 2023 of 2024;min. 2 slechte bouwdelen;;;;;;nee;cvdr;hoog;nee;https://lokaleregelgeving.overheid.nl/CVDR760323/1
Utrechtse Heuvelrug;Subsidieregeling isolatie Verenigingen van Eigenaars gemeente Utrechtse Heuvelrug 2026;utrechtse-heuvelrug-cvdr760322;maximaal 100% van de kosten, tot € 1.500 inclusief btw per appartement (verhoogd met € 250 bij biobased isolatiemateriaal) en maximaal € 25.000 per VvE (maximaal € 32.500 bij biobased);2028-07-01;ja;602000;<=;januari 2022, 2023 of 2024;min. 2 slechte bouwdelen | label D/E/F/G;;;;;;voorwaarde;cvdr;hoog;nee;https://lokaleregelgeving.overheid.nl/CVDR760322/1
Vaals;Subsidie voor isolatie en ventilatie;vaals-web-subsidie-voor-isolatie-en-ventilatie;;;;;;;;;;;;;;web;laag;nee;https://www.vaals.nl/subsidie-voor-isolatie-en-ventilatie
Vaals;Verordening Duurzaamheidslening gemeente Vaals 2015;vaals-cvdr409328;;;ja;;;;;;;;;;;cvdr;middel;nee;https://lokaleregelgeving.overheid.nl/CVDR409328/2
Valkenburg aan de Geul;Subsidieregeling Lokale Aanpak Isolatie - Valkenburg IsolatieKLAAR;valkenburg-aan-de-geul-cvdr764680;"max_per_woning: 2000; eenheid: €; toelichting: Maximaal € 2.000,00 korting op geoffreerde maatregelen of voucher voor doe-het-zelf materialen; incl. eventueel ISDE-/Financieel-Klaar pakket en max. € 500 voor natuurvriendelijk isoleren.";2028-06-30;ja;477000;<;;label D/E/F/G | min. 2 slechte bouwdelen;;;;;;voorwaarde;cvdr;hoog;nee;https://lokaleregelgeving.overheid.nl/CVDR764680/1
Valkenswaard;Subsidieregeling lokale aanpak isolatie Valkenswaard;valkenswaard-cvdr744023;100% van het factuurbedrag tot maximaal € 1.000,- (maximaal € 1.500,- met recht op energietoeslag);2029-12-31;ja;477000;<;2024;label D/E/F/G | min. 2 slechte bouwdelen;;;;bonus;recht op energietoeslag (eenmalige uitkering in 2023 aan huishoudens met een inkomen op of net boven het sociaal minimum);ja;cvdr;hoog;nee;https://lokaleregelgeving.overheid.nl/CVDR744023/1
Veendam;Subsidieregeling ‘Verduurzaming en isolatie woningen voor particuliere eigenaren gemeente Veendam 2025 tranche 2’;veendam-cvdr747122;maximaal € 2.225,- per woning;2027-12-31;;429300;<=;2023;label D/E/F/G | label geen + min. 2 slechte bouwdelen | label C + min. 2 slechte bouwdelen;;;;;;;cvdr;hoog;nee;https://lokaleregelgeving.overheid.nl/CVDR747122/1
Veenendaal;Subsidieregeling isolatie grondgebonden koopwoningen gemeente Veenendaal;veenendaal-cvdr737643;maximaal € 4.000,- (doelgroep 1) of maximaal € 1.185,- (doelgroep 2), tot maximaal 100% van de kosten;2027-12-31;ja;477000;<=;2022-01-01;min. 2 slechte bouwdelen;;1994;;bonus;maximaal 150% van de toepasselijke bijstandsnorm, zonder toepassing van de kostendelersnorm;nee;cvdr;middel;nee;https://lokaleregelgeving.overheid.nl/CVDR737643/2
Veere;Eerste wijziging Subsidieregeling Aanvullende Maatregel Lokale Aanpak Isolatie gemeente Veere;veere-cvdr767049;;2028-12-31;ja;500000;<=;2022-01-01;label D/E/F/G | min. 2 slechte bouwdelen;;;;;;ja;cvdr;middel;nee;https://lokaleregelgeving.overheid.nl/CVDR767049/1
Veere;Subsidieregeling Aanvullende Maatregel Lokale Aanpak Isolatie gemeente Veere;veere-cvdr761585;"maximum: 1000; eenheid: €; omschrijving: Maximaal € 1.000 per woning. Bodemisolatie max. € 26,34/m², spouwmuurisolatie max. € 18,28/m² plus € 300 voor eDNA/natuurvrij maken. Biobased toeslag van € 1 tot € 6/m².";2028-06-28;ja;500000;<=;2022-01-01;label D/E/F/G | min. 2 slechte bouwdelen;;;;;;ja;cvdr;hoog;nee;https://lokaleregelgeving.overheid.nl/CVDR761585/1
Veere;Subsidieregeling Lokale Aanpak Isolatie gemeente Veere 2025;veere-cvdr736156;"maximum: 1850; eenheid: €; toelichting: Eenmalig maximaal € 1.850 per woning; voor bodemisolatie max. € 26,34/m² en spouwmuurisolatie max. € 18,28/m² + € 300, met toeslagen per m² voor biobased isolatiemateriaal";2027-12-31;ja;500000;<=;2022-01-01;label D/E/F/G | min. 2 slechte bouwdelen;;;;;;ja;cvdr;hoog;nee;https://lokaleregelgeving.overheid.nl/CVDR736156/2
Veere;Subsidieregeling Lokale Aanpak Isolatie gemeente Veere 2026;veere-cvdr767047;;2028-12-31;ja;500000;<=;2022-01-01;label D/E/F/G | min. 2 slechte bouwdelen;;;;;;ja;cvdr;middel;nee;https://lokaleregelgeving.overheid.nl/CVDR767047/1
Veldhoven;Subsidieregeling woningisolatie gemeente Veldhoven;veldhoven-cvdr758216;maximaal het factuurbedrag van de aannemer of de aangekochte isolatiematerialen met een maximum van €1500 per slecht geïsoleerde woning;2030-12-31;ja;435000;<;2022-01-01;label D/E/F/G | min. 2 slechte bouwdelen;;;;;;nee;cvdr;hoog;nee;https://lokaleregelgeving.overheid.nl/CVDR758216/1
Veldhoven;Tijdelijke subsidieregeling glasisolatie gemeente Veldhoven;veldhoven-cvdr766601;;2026-12-09;ja;435000;<=;2022-01-01;label D/E/F/G | min. 2 slechte bouwdelen;;;;;;nee;cvdr;middel;nee;https://lokaleregelgeving.overheid.nl/CVDR766601/1
Velsen;Subsidieregeling energiebesparing bestaande woningen Velsen 2025-2026;velsen-cvdr735657;100% van de daadwerkelijk gemaakte kosten (inclusief btw) tot maximaal € 2.110,-- per woning;2026-12-31;ja;401000;<=;2023-01-01;label D/E/F/G | label geen + min. 2 slechte bouwdelen;;;;;;nee;cvdr;middel;nee;https://lokaleregelgeving.overheid.nl/CVDR735657/2
Venlo;Subsidieregeling Lokale Aanpak Isolatie Venlo;venlo-cvdr746041;100% van de subsidiabele kosten, tot maximaal €1000,- (of maximaal €3000,- bij inkomen lager dan 150% van het sociaal minimum);2028-07-01;ja;429300;<=;2022-01-01;label D/E/F/G | min. 2 slechte bouwdelen;;;;bonus;lager dan 150% van het sociaal minimum;nee;cvdr;hoog;nee;https://lokaleregelgeving.overheid.nl/CVDR746041/1
Venray;Subsidieregeling Lokale Aanpak Isolatie gemeente Venray;venray-cvdr744384;100% tot maximaal € 1.250,- (of maximaal € 6.000,- bij inkomen < 130% van het sociaal minimum);2028-07-01;ja;429300;<=;2022-01-01;label D/E/F/G | min. 2 slechte bouwdelen;;;;bonus;lager dan 130% van het sociaal minimum;nee;cvdr;hoog;nee;https://lokaleregelgeving.overheid.nl/CVDR744384/1
Vijfheerenlanden;Plan van aanpak lokale isolatie;vijfheerenlanden-cvdr706343;;2026-12-31;ja;389000;<;;label D/E/F/G | min. 2 slechte bouwdelen;;;;bonus;Energietoeslag;nee;cvdr;middel;nee;https://lokaleregelgeving.overheid.nl/CVDR706343/1
Vijfheerenlanden;Subsidieregeling isolatie koopwoningen gemeente Vijfheerenlanden;vijfheerenlanden-cvdr766756;max. € 4.500, 100%;2028-06-30;ja;458000;<=;2022-01-01;label D/E/F/G | min. 2 slechte bouwdelen;;1994;;bonus;maximaal 150% van het sociaal minimum;nee;cvdr;hoog;nee;https://lokaleregelgeving.overheid.nl/CVDR766756/1
Vijfheerenlanden;Subsidieregeling isolatie koopwoningen in de gemeente Vijfheerenlanden;vijfheerenlanden-cvdr743687;"Doelgroep 1: maximaal € 4.500,- inclusief BTW; Doelgroep 2: maximaal € 1.500,- inclusief BTW; maximaal 100% van de kosten per woning";2026-12-31;ja;458000;<=;2022-01-01;bouwjaar t/m 1994 + min. 2 slechte bouwdelen;;1994;;bonus;Energietoeslag ontvangen in 2022 en/of 2023 of een gezamenlijk inkomen van maximaal 130% van de toepasselijke bijstandsnorm zonder kostendelersnorm;nee;cvdr;middel;nee;https://lokaleregelgeving.overheid.nl/CVDR743687/1
Vlaardingen;Subsidieregeling Lokale Aanpak Isolatie gemeente Vlaardingen 2026;vlaardingen-cvdr763290;Maximaal 100% van de daadwerkelijk gemaakte kosten tot max. € 4.500,- (tranche 1, 667 woningen) of € 2.600,- (tranche 2, 895 woningen) per woning;2028-09-30;ja;367000;<=;2024-01-01;label D/E/F/G | min. 2 slechte bouwdelen;;;;;;ja;cvdr;hoog;nee;https://lokaleregelgeving.overheid.nl/CVDR763290/1
Vlieland;Subsidieregeling Lokale Aanpak Isolatie gemeente Vlieland;vlieland-cvdr732369;maximaal € 2.500,- (ten hoogste 100% van de subsidiabele kosten);2027-08-31;ja;419000;<=;2022-01-01;label D/E/F/G | min. 2 slechte bouwdelen;;;;;;ja;cvdr;hoog;nee;https://lokaleregelgeving.overheid.nl/CVDR732369/2
Vlissingen;Subsidieregeling Lokale Aanpak Isolatie gemeente Vlissingen 2025;vlissingen-cvdr738071;Maximaal € 2.050 per woning, eventueel vermeerderd met biobased bonus van € 1 tot € 6 per m²;2027-12-31;ja;500000;<=;2022-01-01;label D/E/F/G | min. 2 slechte bouwdelen;;;;;;ja;cvdr;hoog;nee;https://lokaleregelgeving.overheid.nl/CVDR738071/1
Voerendaal;Subsidieverordening Lokale Aanpak Isolatie Doe-het-zelf Gemeente Voerendaal 2026;voerendaal-cvdr758517;max. € 1.300, 100%;2028-10-31;ja;370000;<;2022-01-01;label D/E/F/G | min. 2 slechte bouwdelen;;1991;;;;nee;cvdr;hoog;nee;https://lokaleregelgeving.overheid.nl/CVDR758517/1
Voerendaal;Subsidieverordening Lokale Aanpak Isolatie gemeente Voerendaal 2026;voerendaal-cvdr758520;"Doelgroep A: 70% tot max. € 1.300 (1e maatregel) en max. € 1.000 (2e maatregel), totaal max. € 2.300; Doelgroep B: 100% tot max. € 10.000";2027-08-31;ja;370000;<;2022-01-01;label D/E/F/G | min. 2 slechte bouwdelen;;1991;;bonus;Energietoeslag 2023 van de gemeente Voerendaal ontvangen;nee;cvdr;hoog;nee;https://lokaleregelgeving.overheid.nl/CVDR758520/1
Voorne aan Zee;Duurzaamheidslening;voorne-aan-zee-web-duurzaamheidslening-gemeente-voorne-aan-zee;minimaal € 2.500 tot maximaal € 25.000;;;;;;;;;;;;ja;web;laag;nee;https://www.voorneaanzee.nl/duurzaamheidslening
Voorst;Beleidsregel Lokale Aanpak Isolatie gemeente Voorst;voorst-cvdr734491;Maximaal € 1.000 (groep A), € 4.000 (groep B of C), of € 8.000 (groep B+C of groep C met energietoeslag/schuldhulpverlening);2027-12-31;ja;460000;<;2022-01-01;label D/E/F/G | min. 2 slechte bouwdelen;;;;bonus;lager dan 160% van de toepasselijke bijstandsnorm;voorwaarde;cvdr;hoog;nee;https://lokaleregelgeving.overheid.nl/CVDR734491/1
Voorst;Beleidsregels biobased isolatieactie gemeente Voorst 2025-2026;voorst-cvdr743132;€ 250 per isolatiemaatregel;2026-12-31;ja;;;;;;;;;;nee;cvdr;hoog;nee;https://lokaleregelgeving.overheid.nl/CVDR743132/1
Vught;Subsidieregeling Lokale Aanpak Isolatie gemeente Vught 2026;vught-cvdr758144;max. € 1.500, 100%;2029-12-31;ja;636000;<=;2022-01-01;label D/E/F/G | min. 2 slechte bouwdelen;;;;;;nee;cvdr;hoog;nee;https://lokaleregelgeving.overheid.nl/CVDR758144/2
Waadhoeke;Subsidieregeling Lokale Aanpak Isolatie gemeente Waadhoeke;waadhoeke-cvdr717953;maximaal € 3.000,- per aanvraag (ten hoogste 100% van de subsidiabele kosten);2027-08-31;ja;300000;<=;2022-01-01;label D/E/F/G | min. 2 slechte bouwdelen;;;;;;ja;cvdr;hoog;nee;https://lokaleregelgeving.overheid.nl/CVDR717953/3
Waalre;Ondersteuningsregeling Lokale Aanpak Isolatie gemeente Waalre;waalre-cvdr749612;Bouwbedrijf: maximaal 70% van de kosten, max. € 1.500 (+ € 500 bij biobased). Doe-het-zelf: 100% van de materiaalkosten, max. € 750 (+ € 250 bij biobased). Natuurvrij maken: 100% van de kosten, max. € 500;2028-10-31;ja;583000;<;2022-01-01;label D/E/F/G | min. 2 slechte bouwdelen;;1989;;;;ja;cvdr;hoog;nee;https://lokaleregelgeving.overheid.nl/CVDR749612/2
Waalwijk;Subsidieregeling lokale aanpak isolatie gemeente Waalwijk;waalwijk-cvdr746133;"Doelgroep A: max € 1.600 (1 maatregel) of € 2.500 (meerdere); Doelgroep B: max € 1.200 (1 maatregel) of € 1.800 (meerdere); Doelgroep C: max € 1.000";2028-12-31;ja;461000;<;2024;bouwjaar t/m 1992 + min. 2 slechte bouwdelen | label D/E/F/G;;;;bonus;Energietoeslag toegekend op het betreffende adres;ja;cvdr;hoog;nee;https://lokaleregelgeving.overheid.nl/CVDR746133/1
Waddinxveen;Waddinxveense Isolatiesubsidie 2026;waddinxveen-cvdr766610;maximaal € 1.500,- per woning;2028-12-31;ja;500000;<=;2022-01-01;label D/E/F/G | min. 2 slechte bouwdelen;;1991;;;;ja;cvdr;hoog;nee;https://lokaleregelgeving.overheid.nl/CVDR766610/1
Wageningen;Subsidieregeling Lokale Aanpak Isolatie gemeente Wageningen 2026;wageningen-cvdr766563;100%;2028-12-31;ja;550000;<=;2024-01-01;label D/E/F/G | min. 2 slechte bouwdelen;;;;bonus;Minimuminkomen: inkomen tot en met 130% van het sociaal minimum, energietoeslag 2023, schuldhulpverlening, schuldsaneringsregeling, bijzondere bijstand of Maatschappelijk Meedoen Regeling 2025.;ja;cvdr;hoog;nee;https://lokaleregelgeving.overheid.nl/CVDR766563/1
Wageningen;Subsidieregeling Wijkaanpak Isolatie de Horsten 2026-2027, eerste wijziging;wageningen-cvdr766564;maximaal € 3.000;2027-12-31;nee;;;;;;;;;;nee;cvdr;hoog;nee;https://lokaleregelgeving.overheid.nl/CVDR766564/1
Wassenaar;Subsidieregeling Lokale Aanpak Isolatie van de gemeente Wassenaar 2026;wassenaar-cvdr762818;maximaal € 1.500 per adres;2027-12-31;ja;836000;<=;2022-01-01;label D/E/F/G | min. 2 slechte bouwdelen;;;;;;nee;cvdr;hoog;nee;https://lokaleregelgeving.overheid.nl/CVDR762818/1
Waterland;Uitvoeringsregeling isolatiesubsidie gemeente Waterland 2024;waterland-cvdr726538;Maximaal € 4.000 incl. btw voor doelgroep 1 en maximaal € 2.000 incl. btw voor doelgroep 2 (maximaal 100% van de werkelijke kosten);;ja;390000;<=;2022-01-01;min. 2 slechte bouwdelen;;1992;;bonus;Ontvangen van de energietoeslag 2023 van de gemeente (artikel 35, lid 4 Participatiewet) voor doelgroep 1;nee;cvdr;middel;nee;https://lokaleregelgeving.overheid.nl/CVDR726538/1
Weert;Subsidieregeling Lokale Aanpak Isolatie Weert 2026-2028;weert-cvdr750335;100% van de subsidiabele kosten, tot maximaal € 1.500,- inclusief btw per woning (maximaal € 4.000,- bij laag inkomen);2028-07-01;ja;429300;<=;2022-01-01;label D/E/F/G | min. 2 slechte bouwdelen;;;;bonus;lager dan 130% van het sociaal minimum;nee;cvdr;middel;nee;https://lokaleregelgeving.overheid.nl/CVDR750335/1
West Betuwe;Isolatiesubsidie West Betuwe;west-betuwe-web-isolatiesubsidie-west-betuwe;Maximaal € 1.330;;;429300;<=;;label D/E/F/G | label C + min. 2 slechte bouwdelen | label geen + min. 2 slechte bouwdelen;;;;;;;web;laag;nee;https://www.verbeterjehuis.nl/energiesubsidiewijzer/subsidies/isolatiesubsidie-west-betuwe/
West Maas en Waal;Subsidie voor isolatie (NIP subsidie);west-maas-en-waal-web-subsidie-voor-isolatie-nip-subsidie;;;;;;;;;;;;;;web;laag;nee;https://www.westmaasenwaal.nl/subsidie-voor-isolatie-nip-subsidie
West Maas en Waal;Toekomstbestendig Wonen Lening;west-maas-en-waal-web-toekomstbestendig-wonen-lening;minimaal € 2.500,- en maximaal € 35.000,-;;ja;;;;;;;;;;ja;web;laag;nee;https://www.westmaasenwaal.nl/toekomstbestendig-wonen-lening
Westerkwartier;Subsidieregeling Isolatieaanpak Westerkwartier 2025;westerkwartier-cvdr740600;25% van de totaalinvestering tot een maximum van € 5.000,- per koopwoning;2028-10-31;ja;;;;min. 2 slechte bouwdelen | label D/E/F/G;;2012;;vereist;minimaal 140,1% en maximaal 200% van het sociaal minimumloon;ja;cvdr;hoog;nee;https://lokaleregelgeving.overheid.nl/CVDR740600/1
Westervoort;Subsidieregeling lokale aanpak isolatie Westervoort 2026;westervoort-cvdr762819;maximaal €1.460;2028-12-31;ja;477000;<;2022-01-01;label D/E/F/G | min. 2 slechte bouwdelen;;;;;;voorwaarde;cvdr;hoog;nee;https://lokaleregelgeving.overheid.nl/CVDR762819/1
Westerwolde;Subsidieregeling verduurzaming particuliere woningen Westerwolde 2026-2027;westerwolde-cvdr753785;maximaal € 3.500,- per woning;2028-01-01;ja;;;;label D/E/F/G | min. 2 slechte bouwdelen;;2011;;;boven 140% van het sociaal minimum;;cvdr;hoog;nee;https://lokaleregelgeving.overheid.nl/CVDR753785/1
Westland;Subsidieregeling aanpak isolatie Westland;westland-cvdr735086;"Maximaal € 1.500 per woning (€ 750 voor 1 maatregel of DHZ, € 1.500 voor 2 of meer maatregelen); voor doelgroep energiearmoede maximaal € 4.500 (€ 2.250 voor 1 maatregel of DHZ, € 4.500 voor 2 of meer maatregelen). Aanvullend eenmalig max. € 300 bij slechte bereikbaarheid.";2028-12-31;ja;750000;<;2022-01-01;label D/E/F/G | min. 2 slechte bouwdelen;;;;bonus;Doelgroep energiearmoede: huishoudens die in 2022 recht hadden op energietoeslag, gebruikmaken van schuldhulpverlening, kwijtschelding gemeentelijke belastingen krijgen of steun ontvingen van Tijdelijk Noodfonds Energie.;ja;cvdr;hoog;nee;https://lokaleregelgeving.overheid.nl/CVDR735086/3
Weststellingwerf;Subsidieregeling Lokale Aanpak Isolatie gemeente Weststellingwerf;weststellingwerf-cvdr737942;ten hoogste 100% van de subsidiabele kosten, tot een maximum van € 2.184,00 per aanvraag;2027-08-31;ja;429300;<=;2022-01-01;label D/E/F/G | min. 2 slechte bouwdelen;;;;;;ja;cvdr;hoog;nee;https://lokaleregelgeving.overheid.nl/CVDR737942/1
Wierden;Subsidieregeling Energiebesparende maatregelen slecht geïsoleerde woningen (NIP) gemeente Wierden september 2025;wierden-cvdr744057;"maximum: 2160; eenheid: €; omschrijving: Maximaal € 2.160,- per woning, te verhogen met maximaal € 500,- bij gebruik van biobased isolatiematerialen (tot maximaal € 2.660,-). Uitzondering op maximum bij schuldhulpverlening, schuldsanering of bijzondere bijstand.";2028-10-31;ja;477000;<=;2025-01-01;label D/E/F/G + bouwjaar t/m 1994 | min. 2 slechte bouwdelen;;;;bonus;;nee;cvdr;hoog;nee;https://lokaleregelgeving.overheid.nl/CVDR744057/1
Wijchen;Subsidieregeling isolatiemaatregelen voor een smalle beurs;wijchen-cvdr746494;100% van de kostprijs van de maatregel(en) met een maximum van € 4.000 inclusief BTW;2027-12-31;ja;425000;<=;2024-01-01;;;2004;;vereist;verzamelinkomen van maximaal € 34.000 op jaarbasis;voorwaarde;cvdr;hoog;nee;https://lokaleregelgeving.overheid.nl/CVDR746494/1
Wijchen;Subsidieregeling lokale aanpak isolatie gemeente Wijchen;wijchen-cvdr755333;"maximum: 1600; eenheid: € per bestaande woning";2028-12-31;ja;477000;<=;2024-01-01;label D/E/F/G | min. 2 slechte bouwdelen;;1991;;;;ja;cvdr;hoog;nee;https://lokaleregelgeving.overheid.nl/CVDR755333/1
Wijdemeren;Lokale Isolatie Aanpak (LIA);wijdemeren-web-lokale-isolatie-aanpak-lia-wijdemeren;maximaal € 1200,- (burenbonus € 250,-, biobased maximaal € 2000,-, EHBE maximaal € 4000,-);;;641000;<=;2024-01-01;label D/E/F/G/geen | min. 2 slechte bouwdelen;;;;bonus;minimum inkomen;;web;laag;nee;https://ecwijdemeren.nl/lokale-isolatie-aanpak/
Wijdemeren;Verzilverlening;wijdemeren-web-verzilverlening-gemeente-wijdemeren;minimaal € 2500 en maximaal € 40.000;;ja;;;;;;;;vereist;bruto € 44.000 (2024, jaarlijks aangepast door het CPB);;web;laag;nee;https://www.wijdemeren.nl/verzilverlening
Wijk bij Duurstede;Subsidieregeling isolatie koopwoningen gemeente Wijk bij Duurstede mei 2026;wijk-bij-duurstede-cvdr762007;"maximaal € 4.000,- incl. BTW voor doelgroep 1; maximaal € 1.500,- incl. BTW voor doelgroep 2; maximaal 100% van de aanschafte maatregel(-en)";2028-06-30;ja;490000;<=;1 januari 2022, 2023, 2024 of 2025;label D/E/F/G | min. 2 slechte bouwdelen;;1994;;bonus;maximaal 150% van de toepasselijke bijstandsnorm zonder toepassing van de kostendelersnorm;nee;cvdr;hoog;nee;https://lokaleregelgeving.overheid.nl/CVDR762007/1
Winterswijk;Subsidieregeling Lokale Aanpak Isolatie III, 2026-2027 gemeente Winterswijk;winterswijk-cvdr760157;maximaal 70% van de kosten, maximaal € 1.400,- inclusief BTW per Woning (minimaal € 250,-);2027-05-31;ja;477000;<;2022-01-01;label D/E/F/G | min. 2 slechte bouwdelen;;2018;;;;;cvdr;hoog;nee;https://lokaleregelgeving.overheid.nl/CVDR760157/1
Woensdrecht;Subsidieregeling Lokale Aanpak Isolatie gemeente Woensdrecht 2026;woensdrecht-cvdr765373;"€ 1.000 voor doe-het-zelf-cadeaukaart of maatwerkadvies; € 3.000 voor uitgevoerde isolatiemaatregel(en); tot max € 1.500 extra bij energietoeslag";2028-12-31;ja;477000;<=;2022-01-01;label D/E/F/G | min. 2 slechte bouwdelen;;;;bonus;Energietoeslag ontvangen in 2022 of 2023;ja;cvdr;hoog;nee;https://lokaleregelgeving.overheid.nl/CVDR765373/1
Woerden;Besluit van burgemeester en wethouders van Woerden houdende een lijst duurzaamheidsmaatregelen als bedoeld in artikel 5 van de Verordening Duurzaamheidslening Woerden 2011 (Lijst duurzaamheidsmaatregelen);woerden-cvdr643638;;;;;;;;;;;;;;cvdr;middel;nee;https://lokaleregelgeving.overheid.nl/CVDR643638/1
Woerden;Subsidieregeling Woerden isoleert koopwoningen 2025;woerden-cvdr744613;"Maximaal € 3.500,- voor doelgroep 1; maximaal € 1.000,- voor doelgroep 2 en 3; maximaal 100% van de kosten";2028-06-30;ja;486000;<=;2022-01-01;min. 2 slechte bouwdelen;;1994;;bonus;Groene Hartpas of gezamenlijk inkomen niet hoger dan 150% van de geldende bijstandsnorm;nee;cvdr;hoog;nee;https://lokaleregelgeving.overheid.nl/CVDR744613/2
Woerden;Subsidieregeling Woerden isoleert koopwoningen 2026;woerden-cvdr767199;;2028-06-30;ja;486000;<=;2022-01-01;label D/E/F/G | min. 2 slechte bouwdelen;;1994;;vereist;;nee;cvdr;middel;nee;https://lokaleregelgeving.overheid.nl/CVDR767199/1
Wormerland;Subsidieregeling Lokale Aanpak Isolatie Wormerland 2026;wormerland-cvdr759753;"Maximaal €1.800,- (wijk Wijdewormer/Neck max. €3.000,-; biobased max. €3.600,- of €4.800,-; doelgroep 2 energiearmoede max. €10.000,-)";2026-12-31;ja;496000;<;2022-01-01;label D/E/F/G | label geen/A/B/C + min. 2 slechte bouwdelen;;;;bonus;Energietoeslag ontvangen in 2023, bijstandsuitkering, of in schuldsaneringstraject;nee;cvdr;hoog;nee;https://lokaleregelgeving.overheid.nl/CVDR759753/1
Woudenberg;Subsidieregeling isolatie koopwoningen gemeente Woudenberg;woudenberg-cvdr738930;max. € 3.000;2026-12-31;ja;546000;<=;2022-01-01;label D/E/F/G | bouwjaar t/m 1994 + min. 2 slechte bouwdelen;;1994;;bonus;Energietoeslag in 2022/2023 of gezamenlijk inkomen van maximaal 150% van de toepasselijke bijstandsnorm (doelgroep 1);nee;cvdr;hoog;nee;https://lokaleregelgeving.overheid.nl/CVDR738930/3
Woudenberg;Subsidieregeling isolatie koopwoningen gemeente Woudenberg 2026;woudenberg-cvdr766806;max. € 4.500;2028-06-30;ja;546000;<=;2022-01-01;label D/E/F/G | min. 2 slechte bouwdelen;;1994;;bonus;maximaal 150% van het sociaal minimum voor doelgroep 1;nee;cvdr;hoog;nee;https://lokaleregelgeving.overheid.nl/CVDR766806/1
Zaanstad;Subsidieregeling Lokale Aanpak Isolatie Zaanstad 2024 – 2028;zaanstad-cvdr740742;"maximaal 50% tot maximaal € 1.500,- per woning; bij laag inkomen 100% tot maximaal € 4.000,- per woning; verhoging met € 250,- bij biobased materiaal";2028-10-01;ja;477000;<=;2022-01-01;label D/E/F/G | min. 2 slechte bouwdelen;;1994;;bonus;tot 140% van het wettelijk sociaal minimum;ja;cvdr;hoog;nee;https://lokaleregelgeving.overheid.nl/CVDR740742/2
Zaltbommel;Subsidieregeling Lokale Aanpak Isolatie Zaltbommel 2026;zaltbommel-cvdr765032;maximaal € 1.330,- per woning (standaard NIP-traject) of maximaal € 4.000,- in natura (ontzorgingstraject);2028-06-30;ja;477000;<;2022-01-01;label C/D/E/F/G | label A/B + min. 2 slechte bouwdelen | label geen + min. 2 slechte bouwdelen;;;;bonus;aantoonbaar in aanmerking gekomen voor energietoeslag, schuldhulpverlening of schuldsanering;;cvdr;hoog;nee;https://lokaleregelgeving.overheid.nl/CVDR765032/1
Zaltbommel;Subsidieverordening isolatie eigen woningen 2014;zaltbommel-cvdr333706;max. € 500, 33.33%;;ja;;;;;;;;;;ja;cvdr;middel;nee;https://lokaleregelgeving.overheid.nl/CVDR333706/1
Zandvoort;Subsidieregeling isolatie Zandvoortse vve’s;zandvoort-cvdr735095;maximaal €3.000,- per woning;2026-12-31;ja;537000;<;;label D/E/F/G | min. 2 slechte bouwdelen;;1994;;;;voorwaarde;cvdr;hoog;nee;https://lokaleregelgeving.overheid.nl/CVDR735095/1
Zandvoort;Subsidieregeling lokale aanpak isolatie Zandvoort;zandvoort-cvdr736593;Maximaal 100% van de werkelijke kosten tot € 7.000,- voor doelgroep 1 en maximaal € 4.000,- voor doelgroep 2;2027-12-31;ja;579000;<=;2022-01-01;label D/E/F/G | min. 2 slechte bouwdelen;;;;bonus;In bezit zijn van een Zandvoortpas (voor doelgroep 1);nee;cvdr;hoog;nee;https://lokaleregelgeving.overheid.nl/CVDR736593/2
Zeewolde;Subsidieregeling lokale aanpak isolatie gemeente Zeewolde 2026;zeewolde-cvdr749311;;2026-12-31;ja;477000;<=;2022-01-01;label D/E/F/G | min. 2 slechte bouwdelen;;;;;;nee;cvdr;middel;nee;https://lokaleregelgeving.overheid.nl/CVDR749311/1
Zeist;Subsidieregeling Lokale Aanpak Isolatie Zeist;zeist-cvdr725641;;2026-12-31;ja;586000;<;;label D/E/F/G | min. 2 slechte bouwdelen;;;;;;nee;cvdr;middel;nee;https://lokaleregelgeving.overheid.nl/CVDR725641/1
Zeist;Subsidieregeling Lokale Aanpak Isolatie Zeist 2026;zeist-cvdr759526;;2028-01-01;ja;700000;<=;2022-01-01;label D/E/F/G | min. 2 slechte bouwdelen;;1995;;;;nee;cvdr;middel;nee;https://lokaleregelgeving.overheid.nl/CVDR759526/1
Zevenaar;Subsidieregeling Lokale Isolatieaanpak gemeente Zevenaar 2026-2028;zevenaar-cvdr757892;;2028-12-31;ja;477000;<=;2022-01-01;label D/E/F/G | min. 2 slechte bouwdelen;;;;vereist;;nee;cvdr;middel;nee;https://lokaleregelgeving.overheid.nl/CVDR757892/1
Zevenaar;Subsidieverordening woningisolatie Zevenaar 2013;zevenaar-cvdr323454;;;ja;;;;;;;;;;ja;cvdr;middel;nee;https://lokaleregelgeving.overheid.nl/CVDR323454/1
Zevenaar;Verordening Toekomstbestendig Wonen 2026 gemeente Zevenaar;zevenaar-cvdr757279;;;ja;;;;label C/D/E/F/G;;;;;;;cvdr;middel;nee;https://lokaleregelgeving.overheid.nl/CVDR757279/1
Zoetermeer;Subsidieregeling Isolatie Zoetermeer;zoetermeer-cvdr764672;;2028-12-31;ja;477000;<;2022-01-01;label D/E/F/G | min. 2 slechte bouwdelen;;;;;;nee;cvdr;middel;nee;https://lokaleregelgeving.overheid.nl/CVDR764672/1
Zoetermeer;Subsidieregeling ‘Subsidie Isolatie voor VvE’s’;zoetermeer-cvdr759504;;2028-12-01;ja;477000;<=;2022-01-01;label D/E/F/G;;;;;;ja;cvdr;middel;nee;https://lokaleregelgeving.overheid.nl/CVDR759504/1
Zoeterwoude;Subsidieregeling Lokale Aanpak Isolatie Zoeterwoude 2024-2027;zoeterwoude-cvdr746366;;2027-12-31;ja;524000;<=;2024-01-01;min. 2 slechte bouwdelen;;;;;;;cvdr;middel;nee;https://lokaleregelgeving.overheid.nl/CVDR746366/1
Zuidplas;Isolatievergoeding gemeente Zuidplas;zuidplas-web-isolatievergoeding-gemeente-zuidplas;;2027-06-30;ja;477000;<=;2022-01-01;label D/E/F/G | min. 2 slechte bouwdelen;;;;bonus;;;web;laag;nee;https://nip.duurzaambouwloket.nl/zuidplas
Zuidplas;Nieuwe Beleidsregels Lokale Aanpak Isolatie Zuidplas 2025;zuidplas-cvdr760261;;2027-06-30;ja;477000;<=;2022-01-01;label D/E/F/G | min. 2 slechte bouwdelen;;;;;;nee;cvdr;middel;nee;https://lokaleregelgeving.overheid.nl/CVDR760261/1
Zundert;Isolatiesubsidie - gemeente Zundert;zundert-web-isolatiesubsidie-gemeente-zundert;;2028-12-31;ja;477000;<=;2022-01-01;label D/E/F/G | min. 2 slechte bouwdelen;;1992;;vereist;;nee;web;middel;nee;https://www.zundert.nl/duurzaamheid/energie-besparen/isolatiesubsidie
Zundert;Subsidieregeling lokale aanpak isolatie Zundert 2026;zundert-cvdr760954;;2028-12-31;ja;477000;<;2022;label D/E/F/G | min. 2 slechte bouwdelen;;1993;;vereist;;nee;cvdr;middel;nee;https://lokaleregelgeving.overheid.nl/CVDR760954/1
Zutphen;Tijdelijke subsidieregeling energetische woningverbetering voor eigenaar-bewoners in energiearmoede gemeente Zutphen 2022-2027 II;zutphen-cvdr741234;€ 5.000;2027-11-30;ja;;;;;;1993;;vereist;Maximaal 150% van de toepasselijke bijstandsnorm op de peildatum.;ja;cvdr;hoog;nee;https://lokaleregelgeving.overheid.nl/CVDR741234/1
Zutphen;Tijdelijke subsidieregeling lokale aanpak isolatie koopwoningen gemeente Zutphen 2024-2028-II;zutphen-cvdr758825;100% van de werkelijke kosten tot maximaal € 1.000,- (DHZ of isolatiebedrijf), tot maximaal € 2.500,- (bij eerdere deelname energiearmoede binnen gemengde vereniging, of bij Volledige-Ontzorging), plus eventueel € 500,- extra bij natuurvriendelijk isoleren bij Volledige-Ontzorging;2028-06-30;ja;477000;<;2022-01-01;label B/C + bouwjaar t/m 1993 + min. 2 slechte bouwdelen | label D/E/F/G + bouwjaar t/m 1993 | bouwjaar t/m 1993 + min. 2 slechte bouwdelen;;1993;;bonus;;ja;cvdr;hoog;nee;https://lokaleregelgeving.overheid.nl/CVDR758825/1
Zutphen;Verordening Toekomstbestendig Wonen Gelderland gemeente Zutphen 2025;zutphen-cvdr751546;minimaal € 2.500,- en maximaal € 35.000,-;;ja;;;;label C/D/E/F/G;;;;;;nee;cvdr;middel;nee;https://lokaleregelgeving.overheid.nl/CVDR751546/1
Zwartewaterland;Isolatiesubsidie voor doe-het-zelvers;zwartewaterland-web-isolatiesubsidie-voor-doe-het-zelvers;600 voor eerste maatregel, 1.000 voor tweede maatregel;2028-11-30;ja;357000;<=;2024-01-01;min. 2 slechte bouwdelen;;1992;;;;nee;web;laag;nee;https://www.zwartewaterland.nl/subsidie-isolatiemaatregelen-aanvragen
Zwartewaterland;Subsidie isolatiemaatregelen aanvragen;zwartewaterland-web-subsidie-isolatiemaatregelen-aanvragen;600 voor eerste maatregel, 1.000 voor tweede maatregel;2028-11-30;ja;357000;<=;2024-01-01;min. 2 slechte bouwdelen;;1992;;;;nee;web;laag;nee;https://www.zwartewaterland.nl/subsidie-isolatiemaatregelen-aanvragen
Zwartewaterland;Subsidieregeling woningisolatie gemeente Zwartewaterland;zwartewaterland-cvdr760839;;2028-12-31;ja;299000;<=;2022-01-01;min. 2 slechte bouwdelen;;1991;;;;nee;cvdr;middel;nee;https://lokaleregelgeving.overheid.nl/CVDR760839/1
Zwijndrecht;Subsidieregeling isolatie koopwoningen in de gemeente Zwijndrecht;zwijndrecht-cvdr759345;;2026-12-31;ja;477000;<=;2022-01-01;label C/D/E/F/G/UNKNOWN | label D/E/F/G | bouwjaar t/m 1995 + min. 2 slechte bouwdelen | label UNKNOWN + min. 2 slechte bouwdelen;;;;;;;cvdr;middel;nee;https://lokaleregelgeving.overheid.nl/CVDR759345/1
Zwolle;Subsidieregeling Berkum Energieneutraal Zwolle 2022;zwolle-cvdr682993;;2028-12-31;ja;;;;;;;;;;ja;cvdr;middel;nee;https://lokaleregelgeving.overheid.nl/CVDR682993/5
